GeoFips,GeoName,State,2019
1001,Autauga, AL,44368
1003,Baldwin, AL,48270
1005,Barbour, AL,35572
1007,Bibb, AL,31540
1009,Blount, AL,36969
1011,Bullock, AL,28136
1013,Butler, AL,38073
1015,Calhoun, AL,37708
1017,Chambers, AL,36110
1019,Cherokee, AL,36381
1021,Chilton, AL,36471
1023,Choctaw, AL,39097
1025,Clarke, AL,37061
1027,Clay, AL,34185
1029,Cleburne, AL,35905
1031,Coffee, AL,43319
1033,Colbert, AL,38860
1035,Conecuh, AL,33596
1037,Coosa, AL,32548
1039,Covington, AL,35927
1041,Crenshaw, AL,36783
1043,Cullman, AL,41211
1045,Dale, AL,37831
1047,Dallas, AL,37033
1049,DeKalb, AL,33427
1051,Elmore, AL,44561
1053,Escambia, AL,34338
1055,Etowah, AL,37700
1057,Fayette, AL,35856
1059,Franklin, AL,34831
1061,Geneva, AL,36455
1063,Greene, AL,32534
1065,Hale, AL,37825
1067,Henry, AL,43738
1069,Houston, AL,44300
1071,Jackson, AL,38002
1073,Jefferson, AL,56599
1075,Lamar, AL,34549
1077,Lauderdale, AL,38135
1079,Lawrence, AL,35414
1081,Lee, AL,40439
1083,Limestone, AL,44841
1085,Lowndes, AL,41449
1087,Macon, AL,34213
1089,Madison, AL,54169
1091,Marengo, AL,40297
1093,Marion, AL,33433
1095,Marshall, AL,37913
1097,Mobile, AL,40003
1099,Monroe, AL,34489
1101,Montgomery, AL,44597
1103,Morgan, AL,41895
1105,Perry, AL,32198
1107,Pickens, AL,34590
1109,Pike, AL,38057
1111,Randolph, AL,33708
1113,Russell, AL,33796
1115,St. Clair, AL,41015
1117,Shelby, AL,57793
1119,Sumter, AL,32057
1121,Talladega, AL,35717
1123,Tallapoosa, AL,42544
1125,Tuscaloosa, AL,40329
1127,Walker, AL,41976
1129,Washington, AL,37568
1131,Wilcox, AL,33957
1133,Winston, AL,35508
2010,Aleutian Islands Census Area, AK,
2013,Aleutians East Borough, AK,61132
2016,Aleutians West Census Area, AK,56296
2020,Anchorage Municipality, AK,68803
2050,Bethel Census Area, AK,45653
2060,Bristol Bay Borough, AK,145276
2063,Chugach Census Area, AK,
2066,Copper River Census Area, AK,
2068,Denali Borough, AK,82610
2070,Dillingham Census Area, AK,60868
2090,Fairbanks North Star Borough, AK,59194
2100,Haines Borough, AK,70724
2105,Hoonah-Angoon Census Area, AK,65367
2110,Juneau City and Borough, AK,72294
2122,Kenai Peninsula Borough, AK,54026
2130,Ketchikan Gateway Borough, AK,70362
2150,Kodiak Island Borough, AK,64144
2158,Kusilvak Census Area, AK,31422
2164,Lake and Peninsula Borough, AK,63985
2170,Matanuska-Susitna Borough, AK,48327
2180,Nome Census Area, AK,53521
2185,North Slope Borough, AK,92708
2188,Northwest Arctic Borough, AK,50341
2195,Petersburg Borough, AK,71111
2198,Prince of Wales-Hyder Census Area, AK,47601
2201,Prince of Wales-Outer Ketchikan Census Area, AK,
2220,Sitka City and Borough, AK,71462
2230,Skagway Municipality, AK,81135
2231,Skagway-Yakutat-Angoon Census Area, AK,
2232,Skagway-Hoonah-Angoon Census Area, AK,
2240,Southeast Fairbanks Census Area, AK,51992
2261,Valdez-Cordova Census Area, AK,62267
2275,Wrangell City and Borough, AK,48610
2280,Wrangell-Petersburg Census Area, AK,
2282,Yakutat City and Borough, AK,65736
2290,Yukon-Koyukuk Census Area, AK,60189
2901,Aleutian Islands Division, AK,
2903,Angoon Division, AK,
2904,Barrow-North Slope Division, AK,
2905,Bethel Division, AK,
2907,Bristol Bay Division, AK,
2908,Cordova-McCarthy Division, AK,
2910,Haines Division, AK,
2912,Kenai-Cook Inlet Division, AK,
2916,Kuskokwim Division, AK,
2919,Outer Ketchikan Division, AK,
2920,Prince of Wales Division, AK,
2921,Seward Division, AK,
2922,Sitka Division, AK,
2923,Skagway-Yakutat Division, AK,
2924,Southeast Fairbanks Division, AK,
2925,Upper Yukon Division, AK,
2926,Valdez-Chitina-Whittier Division, AK,
2928,Wrangell-Petersburg Division, AK,
2929,Yukon-Koyukuk Division, AK,
4001,Apache, AZ,33844
4003,Cochise, AZ,40546
4005,Coconino, AZ,48837
4007,Gila, AZ,39720
4009,Graham, AZ,31179
4011,Greenlee, AZ,41082
4012,La Paz, AZ,34387
4013,Maricopa, AZ,49663
4015,Mohave, AZ,34274
4017,Navajo, AZ,32007
4019,Pima, AZ,44649
4021,Pinal, AZ,32699
4023,Santa Cruz, AZ,38274
4025,Yavapai, AZ,41076
4027,Yuma, AZ,35065
5001,Arkansas, AR,46005
5003,Ashley, AR,37318
5005,Baxter, AR,37854
5007,Benton, AR,94108
5009,Boone, AR,36174
5011,Bradley, AR,39097
5013,Calhoun, AR,35808
5015,Carroll, AR,32925
5017,Chicot, AR,38927
5019,Clark, AR,36903
5021,Clay, AR,35973
5023,Cleburne, AR,39296
5025,Cleveland, AR,39663
5027,Columbia, AR,37225
5029,Conway, AR,38465
5031,Craighead, AR,38365
5033,Crawford, AR,33837
5035,Crittenden, AR,38397
5037,Cross, AR,37334
5039,Dallas, AR,37188
5041,Desha, AR,39508
5043,Drew, AR,37906
5045,Faulkner, AR,39335
5047,Franklin, AR,32841
5049,Fulton, AR,28457
5051,Garland, AR,41502
5053,Grant, AR,39324
5055,Greene, AR,35869
5057,Hempstead, AR,31799
5059,Hot Spring, AR,31697
5061,Howard, AR,34068
5063,Independence, AR,36292
5065,Izard, AR,30681
5067,Jackson, AR,38054
5069,Jefferson, AR,36060
5071,Johnson, AR,28774
5073,Lafayette, AR,35672
5075,Lawrence, AR,33601
5077,Lee, AR,30263
5079,Lincoln, AR,27710
5081,Little River, AR,34392
5083,Logan, AR,32662
5085,Lonoke, AR,40825
5087,Madison, AR,33906
5089,Marion, AR,31494
5091,Miller, AR,34620
5093,Mississippi, AR,35915
5095,Monroe, AR,35474
5097,Montgomery, AR,29748
5099,Nevada, AR,33940
5101,Newton, AR,30265
5103,Ouachita, AR,38582
5105,Perry, AR,36201
5107,Phillips, AR,34052
5109,Pike, AR,32315
5111,Poinsett, AR,34677
5113,Polk, AR,30512
5115,Pope, AR,35416
5117,Prairie, AR,36273
5119,Pulaski, AR,52499
5121,Randolph, AR,33640
5123,St. Francis, AR,28560
5125,Saline, AR,43233
5127,Scott, AR,30901
5129,Searcy, AR,28270
5131,Sebastian, AR,43310
5133,Sevier, AR,31719
5135,Sharp, AR,34281
5137,Stone, AR,31171
5139,Union, AR,46081
5141,Van Buren, AR,31752
5143,Washington, AR,41643
5145,White, AR,37110
5147,Woodruff, AR,37638
5149,Yell, AR,33074
6001,Alameda, CA,78839
6003,Alpine, CA,79701
6005,Amador, CA,43979
6007,Butte, CA,45175
6009,Calaveras, CA,48460
6011,Colusa, CA,44661
6013,Contra Costa, CA,84614
6015,Del Norte, CA,36092
6017,El Dorado, CA,68125
6019,Fresno, CA,43019
6021,Glenn, CA,43247
6023,Humboldt, CA,46072
6025,Imperial, CA,37196
6027,Inyo, CA,60229
6029,Kern, CA,39559
6031,Kings, CA,36442
6033,Lake, CA,42144
6035,Lassen, CA,35581
6037,Los Angeles, CA,63043
6039,Madera, CA,38751
6041,Marin, CA,138903
6043,Mariposa, CA,53861
6045,Mendocino, CA,49803
6047,Merced, CA,37952
6049,Modoc, CA,45375
6051,Mono, CA,49356
6053,Monterey, CA,56545
6055,Napa, CA,73886
6057,Nevada, CA,60689
6059,Orange, CA,69951
6061,Placer, CA,67610
6063,Plumas, CA,51044
6065,Riverside, CA,41385
6067,Sacramento, CA,53278
6069,San Benito, CA,52806
6071,San Bernardino, CA,40537
6073,San Diego, CA,60845
6075,San Francisco, CA,133856
6077,San Joaquin, CA,45075
6079,San Luis Obispo, CA,58693
6081,San Mateo, CA,132133
6083,Santa Barbara, CA,62715
6085,Santa Clara, CA,114649
6087,Santa Cruz, CA,68990
6089,Shasta, CA,46417
6091,Sierra, CA,45432
6093,Siskiyou, CA,44158
6095,Solano, CA,51889
6097,Sonoma, CA,64869
6099,Stanislaus, CA,43402
6101,Sutter, CA,45054
6103,Tehama, CA,40775
6105,Trinity, CA,39959
6107,Tulare, CA,40040
6109,Tuolumne, CA,46166
6111,Ventura, CA,63190
6113,Yolo, CA,54398
6115,Yuba, CA,41384
8001,Adams, CO,45026
8003,Alamosa, CO,38403
8005,Arapahoe, CO,63741
8007,Archuleta, CO,43253
8009,Baca, CO,39076
8011,Bent, CO,29253
8013,Boulder, CO,77305
8014,Broomfield, CO,65397
8015,Chaffee, CO,48991
8017,Cheyenne, CO,52633
8019,Clear Creek, CO,62927
8021,Conejos, CO,35296
8023,Costilla, CO,33520
8025,Crowley, CO,20086
8027,Custer, CO,42383
8029,Delta, CO,38293
8031,Denver, CO,83192
8033,Dolores, CO,37942
8035,Douglas, CO,76408
8037,Eagle, CO,85253
8039,Elbert, CO,60702
8041,El Paso, CO,50845
8043,Fremont, CO,35713
8045,Garfield, CO,60376
8047,Gilpin, CO,50517
8049,Grand, CO,53867
8051,Gunnison, CO,47372
8053,Hinsdale, CO,48227
8055,Huerfano, CO,40974
8057,Jackson, CO,53747
8059,Jefferson, CO,66183
8061,Kiowa, CO,53319
8063,Kit Carson, CO,41914
8065,Lake, CO,37102
8067,La Plata, CO,57722
8069,Larimer, CO,55935
8071,Las Animas, CO,38161
8073,Lincoln, CO,29415
8075,Logan, CO,42751
8077,Mesa, CO,45898
8079,Mineral, CO,72101
8081,Moffat, CO,42802
8083,Montezuma, CO,42988
8085,Montrose, CO,41922
8087,Morgan, CO,44991
8089,Otero, CO,37231
8091,Ouray, CO,63263
8093,Park, CO,45623
8095,Phillips, CO,43788
8097,Pitkin, CO,156830
8099,Prowers, CO,39120
8101,Pueblo, CO,39533
8103,Rio Blanco, CO,48829
8105,Rio Grande, CO,48202
8107,Routt, CO,82153
8109,Saguache, CO,34439
8111,San Juan, CO,45631
8113,San Miguel, CO,89728
8115,Sedgwick, CO,44765
8117,Summit, CO,73435
8119,Teller, CO,51337
8121,Washington, CO,41706
8123,Weld, CO,48923
8125,Yuma, CO,44056
9001,Fairfield, CT,118515
9003,Hartford, CT,64545
9005,Litchfield, CT,65086
9007,Middlesex, CT,68361
9009,New Haven, CT,56710
9011,New London, CT,58122
9013,Tolland, CT,56891
9015,Windham, CT,47261
10001,Kent, DE,43761
10003,New Castle, DE,57404
10005,Sussex, DE,52935
11001,District of Columbia, DC,80819
12001,Alachua, FL,46636
12003,Baker, FL,33913
12005,Bay, FL,46818
12007,Bradford, FL,33971
12009,Brevard, FL,48539
12011,Broward, FL,52864
12013,Calhoun, FL,29081
12015,Charlotte, FL,43549
12017,Citrus, FL,39701
12019,Clay, FL,44818
12021,Collier, FL,103205
12023,Columbia, FL,35600
12027,DeSoto, FL,25717
12029,Dixie, FL,28519
12031,Duval, FL,48096
12033,Escambia, FL,44377
12035,Flagler, FL,48754
12037,Franklin, FL,37169
12039,Gadsden, FL,35696
12041,Gilchrist, FL,34069
12043,Glades, FL,25566
12045,Gulf, FL,45559
12047,Hamilton, FL,26884
12049,Hardee, FL,28389
12051,Hendry, FL,31921
12053,Hernando, FL,38612
12055,Highlands, FL,34433
12057,Hillsborough, FL,48586
12059,Holmes, FL,32195
12061,Indian River, FL,83241
12063,Jackson, FL,35371
12065,Jefferson, FL,42058
12067,Lafayette, FL,27008
12069,Lake, FL,44253
12071,Lee, FL,52832
12073,Leon, FL,46126
12075,Levy, FL,37176
12077,Liberty, FL,25697
12079,Madison, FL,32851
12081,Manatee, FL,50108
12083,Marion, FL,38754
12085,Martin, FL,87423
12086,Miami-Dade, FL,54316
12087,Monroe, FL,104370
12089,Nassau, FL,62700
12091,Okaloosa, FL,51341
12093,Okeechobee, FL,32236
12095,Orange, FL,46645
12097,Osceola, FL,36258
12099,Palm Beach, FL,85213
12101,Pasco, FL,42495
12103,Pinellas, FL,56002
12105,Polk, FL,37183
12107,Putnam, FL,33747
12109,St. Johns, FL,71577
12111,St. Lucie, FL,41457
12113,Santa Rosa, FL,46784
12115,Sarasota, FL,69004
12117,Seminole, FL,51620
12119,Sumter, FL,53411
12121,Suwannee, FL,33363
12123,Taylor, FL,30654
12125,Union, FL,22495
12127,Volusia, FL,44427
12129,Wakulla, FL,37560
12131,Walton, FL,66036
12133,Washington, FL,30537
13001,Appling, GA,35558
13003,Atkinson, GA,30251
13005,Bacon, GA,32784
13007,Baker, GA,39932
13009,Baldwin, GA,33865
13011,Banks, GA,35990
13013,Barrow, GA,37318
13015,Bartow, GA,39755
13017,Ben Hill, GA,32539
13019,Berrien, GA,32573
13021,Bibb, GA,41517
13023,Bleckley, GA,34464
13025,Brantley, GA,27472
13027,Brooks, GA,36742
13029,Bryan, GA,53404
13031,Bulloch, GA,32718
13033,Burke, GA,38419
13035,Butts, GA,34761
13037,Calhoun, GA,25701
13039,Camden, GA,36807
13043,Candler, GA,33649
13045,Carroll, GA,39725
13047,Catoosa, GA,36030
13049,Charlton, GA,24884
13051,Chatham, GA,48545
13053,Chattahoochee, GA,30433
13055,Chattooga, GA,31069
13057,Cherokee, GA,53774
13059,Clarke, GA,34935
13061,Clay, GA,34175
13063,Clayton, GA,28329
13065,Clinch, GA,38551
13067,Cobb, GA,60383
13069,Coffee, GA,32880
13071,Colquitt, GA,33793
13073,Columbia, GA,51534
13075,Cook, GA,33589
13077,Coweta, GA,49042
13079,Crawford, GA,34633
13081,Crisp, GA,34299
13083,Dade, GA,34992
13085,Dawson, GA,46101
13087,Decatur, GA,37197
13089,DeKalb, GA,52950
13091,Dodge, GA,31116
13093,Dooly, GA,32995
13095,Dougherty, GA,35951
13097,Douglas, GA,36772
13099,Early, GA,39225
13101,Echols, GA,28417
13103,Effingham, GA,41988
13105,Elbert, GA,35899
13107,Emanuel, GA,33463
13109,Evans, GA,34065
13111,Fannin, GA,38128
13113,Fayette, GA,68696
13115,Floyd, GA,38630
13117,Forsyth, GA,64919
13119,Franklin, GA,34783
13121,Fulton, GA,92961
13123,Gilmer, GA,35979
13125,Glascock, GA,34576
13127,Glynn, GA,47795
13129,Gordon, GA,35882
13131,Grady, GA,35195
13133,Greene, GA,60578
13135,Gwinnett, GA,43573
13137,Habersham, GA,35006
13139,Hall, GA,46409
13141,Hancock, GA,30931
13143,Haralson, GA,37319
13145,Harris, GA,49048
13147,Hart, GA,37980
13149,Heard, GA,32162
13151,Henry, GA,40305
13153,Houston, GA,43847
13155,Irwin, GA,34748
13157,Jackson, GA,42927
13159,Jasper, GA,38411
13161,Jeff Davis, GA,31948
13163,Jefferson, GA,34766
13165,Jenkins, GA,30524
13167,Johnson, GA,25343
13169,Jones, GA,38843
13171,Lamar, GA,34457
13173,Lanier, GA,28598
13175,Laurens, GA,38249
13177,Lee, GA,47926
13179,Liberty, GA,36969
13181,Lincoln, GA,37797
13183,Long, GA,28002
13185,Lowndes, GA,38136
13187,Lumpkin, GA,39041
13189,McDuffie, GA,37740
13191,McIntosh, GA,31770
13193,Macon, GA,31843
13195,Madison, GA,37625
13197,Marion, GA,29832
13199,Meriwether, GA,35604
13201,Miller, GA,46158
13205,Mitchell, GA,36448
13207,Monroe, GA,46580
13209,Montgomery, GA,30196
13211,Morgan, GA,52550
13213,Murray, GA,31148
13215,Muscogee, GA,44896
13217,Newton, GA,34829
13219,Oconee, GA,71604
13221,Oglethorpe, GA,37243
13223,Paulding, GA,39309
13225,Peach, GA,38915
13227,Pickens, GA,48712
13229,Pierce, GA,36889
13231,Pike, GA,41710
13233,Polk, GA,33470
13235,Pulaski, GA,31876
13237,Putnam, GA,45402
13239,Quitman, GA,30994
13241,Rabun, GA,41317
13243,Randolph, GA,33565
13245,Richmond, GA,38663
13247,Rockdale, GA,36434
13249,Schley, GA,33278
13251,Screven, GA,34880
13253,Seminole, GA,45837
13255,Spalding, GA,35579
13257,Stephens, GA,37417
13259,Stewart, GA,22591
13261,Sumter, GA,37011
13263,Talbot, GA,35033
13265,Taliaferro, GA,36923
13267,Tattnall, GA,28462
13269,Taylor, GA,32157
13271,Telfair, GA,20826
13273,Terrell, GA,41393
13275,Thomas, GA,45470
13277,Tift, GA,38346
13279,Toombs, GA,35912
13281,Towns, GA,40105
13283,Treutlen, GA,28946
13285,Troup, GA,37461
13287,Turner, GA,36111
13289,Twiggs, GA,40913
13291,Union, GA,38294
13293,Upson, GA,36600
13295,Walker, GA,33883
13297,Walton, GA,42588
13299,Ware, GA,33737
13301,Warren, GA,36015
13303,Washington, GA,35889
13305,Wayne, GA,31927
13307,Webster, GA,33487
13309,Wheeler, GA,18944
13311,White, GA,36814
13313,Whitfield, GA,40622
13315,Wilcox, GA,28621
13317,Wilkes, GA,41337
13319,Wilkinson, GA,37209
13321,Worth, GA,36250
15001,Hawaii, HI,42551
15003,Honolulu, HI,59329
15007,Kauai, HI,50967
15901,Maui + Kalawao, HI,50536
16001,Ada, ID,54506
16003,Adams, ID,39154
16005,Bannock, ID,38595
16007,Bear Lake, ID,42115
16009,Benewah, ID,39409
16011,Bingham, ID,37758
16013,Blaine, ID,116542
16015,Boise, ID,42821
16017,Bonner, ID,42190
16019,Bonneville, ID,52881
16021,Boundary, ID,37189
16023,Butte, ID,43651
16025,Camas, ID,51540
16027,Canyon, ID,34640
16029,Caribou, ID,41449
16031,Cassia, ID,46027
16033,Clark, ID,41440
16035,Clearwater, ID,35730
16037,Custer, ID,43698
16039,Elmore, ID,39539
16041,Franklin, ID,36580
16043,Fremont (includes Yellowstone Park), ID,37292
16045,Gem, ID,39663
16047,Gooding, ID,59569
16049,Idaho, ID,35343
16051,Jefferson, ID,36926
16053,Jerome, ID,38003
16055,Kootenai, ID,46762
16057,Latah, ID,41442
16059,Lemhi, ID,43160
16061,Lewis, ID,48762
16063,Lincoln, ID,40318
16065,Madison, ID,28436
16067,Minidoka, ID,40939
16069,Nez Perce, ID,46305
16071,Oneida, ID,38399
16073,Owyhee, ID,38606
16075,Payette, ID,41274
16077,Power, ID,42421
16079,Shoshone, ID,36063
16081,Teton, ID,41258
16083,Twin Falls, ID,41092
16085,Valley, ID,50329
16087,Washington, ID,36515
17001,Adams, IL,47593
17003,Alexander, IL,37560
17005,Bond, IL,38008
17007,Boone, IL,48062
17009,Brown, IL,36759
17011,Bureau, IL,42352
17013,Calhoun, IL,43234
17015,Carroll, IL,44351
17017,Cass, IL,41180
17019,Champaign, IL,45591
17021,Christian, IL,42155
17023,Clark, IL,41993
17025,Clay, IL,39623
17027,Clinton, IL,48033
17029,Coles, IL,42106
17031,Cook, IL,65817
17033,Crawford, IL,46662
17035,Cumberland, IL,73276
17037,DeKalb, IL,41918
17039,De Witt, IL,46742
17041,Douglas, IL,51099
17043,DuPage, IL,76331
17045,Edgar, IL,41635
17047,Edwards, IL,40659
17049,Effingham, IL,50707
17051,Fayette, IL,36244
17053,Ford, IL,51927
17055,Franklin, IL,37648
17057,Fulton, IL,38014
17059,Gallatin, IL,42731
17061,Greene, IL,35876
17063,Grundy, IL,59397
17065,Hamilton, IL,43371
17067,Hancock, IL,44482
17069,Hardin, IL,37228
17071,Henderson, IL,41304
17073,Henry, IL,46088
17075,Iroquois, IL,44138
17077,Jackson, IL,37345
17079,Jasper, IL,41157
17081,Jefferson, IL,40141
17083,Jersey, IL,42742
17085,Jo Daviess, IL,48547
17087,Johnson, IL,36561
17089,Kane, IL,52654
17091,Kankakee, IL,42857
17093,Kendall, IL,50577
17095,Knox, IL,39567
17097,Lake, IL,82580
17099,LaSalle, IL,45403
17101,Lawrence, IL,30565
17103,Lee, IL,42167
17105,Livingston, IL,44840
17107,Logan, IL,37131
17109,McDonough, IL,37675
17111,McHenry, IL,57126
17113,McLean, IL,49760
17115,Macon, IL,48151
17117,Macoupin, IL,41715
17119,Madison, IL,48261
17121,Marion, IL,42636
17123,Marshall, IL,45100
17125,Mason, IL,40716
17127,Massac, IL,39601
17129,Menard, IL,46531
17131,Mercer, IL,46961
17133,Monroe, IL,58637
17135,Montgomery, IL,35771
17137,Morgan, IL,39832
17139,Moultrie, IL,68682
17141,Ogle, IL,46704
17143,Peoria, IL,50668
17145,Perry, IL,37749
17147,Piatt, IL,54025
17149,Pike, IL,40887
17151,Pope, IL,29451
17153,Pulaski, IL,37776
17155,Putnam, IL,64023
17157,Randolph, IL,37946
17159,Richland, IL,41737
17161,Rock Island, IL,44418
17163,St. Clair, IL,46124
17165,Saline, IL,40205
17167,Sangamon, IL,49380
17169,Schuyler, IL,43995
17171,Scott, IL,40736
17173,Shelby, IL,39898
17175,Stark, IL,42358
17177,Stephenson, IL,43106
17179,Tazewell, IL,48302
17181,Union, IL,43107
17183,Vermilion, IL,39696
17185,Wabash, IL,43194
17187,Warren, IL,40489
17189,Washington, IL,48131
17191,Wayne, IL,38950
17193,White, IL,48700
17195,Whiteside, IL,44170
17197,Will, IL,54456
17199,Williamson, IL,45418
17201,Winnebago, IL,43972
17203,Woodford, IL,52845
18001,Adams, IN,39986
18003,Allen, IN,47828
18005,Bartholomew, IN,53268
18007,Benton, IN,41575
18009,Blackford, IN,38529
18011,Boone, IN,77641
18013,Brown, IN,49687
18015,Carroll, IN,43243
18017,Cass, IN,40398
18019,Clark, IN,45231
18021,Clay, IN,38246
18023,Clinton, IN,39760
18025,Crawford, IN,34790
18027,Daviess, IN,44086
18029,Dearborn, IN,50207
18031,Decatur, IN,44414
18033,DeKalb, IN,46467
18035,Delaware, IN,38153
18037,Dubois, IN,56927
18039,Elkhart, IN,46845
18041,Fayette, IN,41537
18043,Floyd, IN,57236
18045,Fountain, IN,40541
18047,Franklin, IN,47405
18049,Fulton, IN,43186
18051,Gibson, IN,45743
18053,Grant, IN,40647
18055,Greene, IN,41210
18057,Hamilton, IN,78343
18059,Hancock, IN,52151
18061,Harrison, IN,43675
18063,Hendricks, IN,51614
18065,Henry, IN,39833
18067,Howard, IN,42409
18069,Huntington, IN,42630
18071,Jackson, IN,44568
18073,Jasper, IN,45113
18075,Jay, IN,37883
18077,Jefferson, IN,44456
18079,Jennings, IN,41770
18081,Johnson, IN,50596
18083,Knox, IN,44926
18085,Kosciusko, IN,48877
18087,Lagrange, IN,42717
18089,Lake, IN,45974
18091,LaPorte, IN,43065
18093,Lawrence, IN,42567
18095,Madison, IN,39410
18097,Marion, IN,56383
18099,Marshall, IN,42204
18101,Martin, IN,40169
18103,Miami, IN,35442
18105,Monroe, IN,44014
18107,Montgomery, IN,41060
18109,Morgan, IN,45667
18111,Newton, IN,40954
18113,Noble, IN,41496
18115,Ohio, IN,41514
18117,Orange, IN,38167
18119,Owen, IN,41570
18121,Parke, IN,37924
18123,Perry, IN,37905
18125,Pike, IN,41612
18127,Porter, IN,54814
18129,Posey, IN,51656
18131,Pulaski, IN,44831
18133,Putnam, IN,38575
18135,Randolph, IN,39095
18137,Ripley, IN,43024
18139,Rush, IN,46328
18141,St. Joseph, IN,48244
18143,Scott, IN,38776
18145,Shelby, IN,45153
18147,Spencer, IN,45829
18149,Starke, IN,35468
18151,Steuben, IN,45556
18153,Sullivan, IN,36583
18155,Switzerland, IN,32559
18157,Tippecanoe, IN,39533
18159,Tipton, IN,47072
18161,Union, IN,39613
18163,Vanderburgh, IN,47499
18165,Vermillion, IN,37996
18167,Vigo, IN,39100
18169,Wabash, IN,42942
18171,Warren, IN,44397
18173,Warrick, IN,58628
18175,Washington, IN,39989
18177,Wayne, IN,42400
18179,Wells, IN,42730
18181,White, IN,43768
18183,Whitley, IN,47029
19001,Adair, IA,51911
19003,Adams, IA,57401
19005,Allamakee, IA,48046
19007,Appanoose, IA,38918
19009,Audubon, IA,51186
19011,Benton, IA,53675
19013,Black Hawk, IA,46103
19015,Boone, IA,49084
19017,Bremer, IA,49138
19019,Buchanan, IA,48404
19021,Buena Vista, IA,44069
19023,Butler, IA,46750
19025,Calhoun, IA,49151
19027,Carroll, IA,53342
19029,Cass, IA,48355
19031,Cedar, IA,54041
19033,Cerro Gordo, IA,50746
19035,Cherokee, IA,56677
19037,Chickasaw, IA,55503
19039,Clarke, IA,40631
19041,Clay, IA,51093
19043,Clayton, IA,49496
19045,Clinton, IA,44909
19047,Crawford, IA,42083
19049,Dallas, IA,67878
19051,Davis, IA,39508
19053,Decatur, IA,35075
19055,Delaware, IA,50248
19057,Des Moines, IA,49577
19059,Dickinson, IA,61473
19061,Dubuque, IA,51329
19063,Emmet, IA,45441
19065,Fayette, IA,43734
19067,Floyd, IA,47251
19069,Franklin, IA,47032
19071,Fremont, IA,47724
19073,Greene, IA,48006
19075,Grundy, IA,51819
19077,Guthrie, IA,51268
19079,Hamilton, IA,50543
19081,Hancock, IA,51365
19083,Hardin, IA,47644
19085,Harrison, IA,47471
19087,Henry, IA,43772
19089,Howard, IA,48597
19091,Humboldt, IA,49859
19093,Ida, IA,52025
19095,Iowa, IA,54941
19097,Jackson, IA,45994
19099,Jasper, IA,43692
19101,Jefferson, IA,40903
19103,Johnson, IA,54769
19105,Jones, IA,44454
19107,Keokuk, IA,44403
19109,Kossuth, IA,50442
19111,Lee, IA,42953
19113,Linn, IA,53578
19115,Louisa, IA,42777
19117,Lucas, IA,42585
19119,Lyon, IA,55786
19121,Madison, IA,50345
19123,Mahaska, IA,43462
19125,Marion, IA,50704
19127,Marshall, IA,43722
19129,Mills, IA,58598
19131,Mitchell, IA,62670
19133,Monona, IA,46952
19135,Monroe, IA,45325
19137,Montgomery, IA,42740
19139,Muscatine, IA,48157
19141,O'Brien, IA,54710
19143,Osceola, IA,48362
19145,Page, IA,42970
19147,Palo Alto, IA,50554
19149,Plymouth, IA,56634
19151,Pocahontas, IA,52929
19153,Polk, IA,54049
19155,Pottawattamie, IA,45642
19157,Poweshiek, IA,46021
19159,Ringgold, IA,46574
19161,Sac, IA,56400
19163,Scott, IA,55094
19165,Shelby, IA,52317
19167,Sioux, IA,52234
19169,Story, IA,44100
19171,Tama, IA,46647
19173,Taylor, IA,41479
19175,Union, IA,41084
19177,Van Buren, IA,40328
19179,Wapello, IA,39576
19181,Warren, IA,51955
19183,Washington, IA,60857
19185,Wayne, IA,42605
19187,Webster, IA,46562
19189,Winnebago, IA,42377
19191,Winneshiek, IA,49610
19193,Woodbury, IA,44690
19195,Worth, IA,41710
19197,Wright, IA,48770
20001,Allen, KS,42756
20003,Anderson, KS,39196
20005,Atchison, KS,39743
20007,Barber, KS,43570
20009,Barton, KS,47429
20011,Bourbon, KS,41792
20013,Brown, KS,45349
20015,Butler, KS,48192
20017,Chase, KS,50941
20019,Chautauqua, KS,41514
20021,Cherokee, KS,41760
20023,Cheyenne, KS,45768
20025,Clark, KS,54420
20027,Clay, KS,43526
20029,Cloud, KS,39807
20031,Coffey, KS,52701
20033,Comanche, KS,40844
20035,Cowley, KS,39690
20037,Crawford, KS,39587
20039,Decatur, KS,43934
20041,Dickinson, KS,42873
20043,Doniphan, KS,42643
20045,Douglas, KS,45174
20047,Edwards, KS,53549
20049,Elk, KS,38779
20051,Ellis, KS,47072
20053,Ellsworth, KS,46178
20055,Finney, KS,43588
20057,Ford, KS,40145
20059,Franklin, KS,43930
20061,Geary, KS,52022
20063,Gove, KS,56396
20065,Graham, KS,49939
20067,Grant, KS,43820
20069,Gray, KS,57854
20071,Greeley, KS,66094
20073,Greenwood, KS,41837
20075,Hamilton, KS,55843
20077,Harper, KS,52777
20079,Harvey, KS,43822
20081,Haskell, KS,52604
20083,Hodgeman, KS,53124
20085,Jackson, KS,43163
20087,Jefferson, KS,44598
20089,Jewell, KS,49336
20091,Johnson, KS,78670
20093,Kearny, KS,52915
20095,Kingman, KS,46275
20097,Kiowa, KS,40295
20099,Labette, KS,42939
20101,Lane, KS,66005
20103,Leavenworth, KS,44060
20105,Lincoln, KS,43879
20107,Linn, KS,40714
20109,Logan, KS,48091
20111,Lyon, KS,38840
20113,McPherson, KS,55906
20115,Marion, KS,42603
20117,Marshall, KS,43858
20119,Meade, KS,60265
20121,Miami, KS,49837
20123,Mitchell, KS,60282
20125,Montgomery, KS,37469
20127,Morris, KS,42993
20129,Morton, KS,44985
20131,Nemaha, KS,51253
20133,Neosho, KS,40400
20135,Ness, KS,52570
20137,Norton, KS,42973
20139,Osage, KS,42799
20141,Osborne, KS,47340
20143,Ottawa, KS,41714
20145,Pawnee, KS,41101
20147,Phillips, KS,51310
20149,Pottawatomie, KS,53697
20151,Pratt, KS,49737
20153,Rawlins, KS,56570
20155,Reno, KS,41671
20157,Republic, KS,44316
20159,Rice, KS,43331
20161,Riley, KS,43056
20163,Rooks, KS,39555
20165,Rush, KS,50981
20167,Russell, KS,44875
20169,Saline, KS,50099
20171,Scott, KS,55993
20173,Sedgwick, KS,54385
20175,Seward, KS,38254
20177,Shawnee, KS,48091
20179,Sheridan, KS,44967
20181,Sherman, KS,42422
20183,Smith, KS,46587
20185,Stafford, KS,46272
20187,Stanton, KS,73965
20189,Stevens, KS,43272
20191,Sumner, KS,41335
20193,Thomas, KS,47934
20195,Trego, KS,48982
20197,Wabaunsee, KS,51245
20199,Wallace, KS,50175
20201,Washington, KS,45852
20203,Wichita, KS,61878
20205,Wilson, KS,41838
20207,Woodson, KS,39032
20209,Wyandotte, KS,34371
21001,Adair, KY,32066
21003,Allen, KY,33024
21005,Anderson, KY,40950
21007,Ballard, KY,40587
21009,Barren, KY,37800
21011,Bath, KY,31578
21013,Bell, KY,30262
21015,Boone, KY,50183
21017,Bourbon, KY,50326
21019,Boyd, KY,40201
21021,Boyle, KY,39983
21023,Bracken, KY,38343
21025,Breathitt, KY,34070
21027,Breckinridge, KY,35124
21029,Bullitt, KY,43110
21031,Butler, KY,35294
21033,Caldwell, KY,35425
21035,Calloway, KY,36114
21037,Campbell, KY,50368
21039,Carlisle, KY,44953
21041,Carroll, KY,38068
21043,Carter, KY,31902
21045,Casey, KY,31686
21047,Christian, KY,39298
21049,Clark, KY,40745
21051,Clay, KY,30760
21053,Clinton, KY,31584
21055,Crittenden, KY,36302
21057,Cumberland, KY,35993
21059,Daviess, KY,42741
21061,Edmonson, KY,34265
21063,Elliott, KY,23090
21065,Estill, KY,32995
21067,Fayette, KY,51983
21069,Fleming, KY,35038
21071,Floyd, KY,37129
21073,Franklin, KY,43522
21075,Fulton, KY,35227
21077,Gallatin, KY,34201
21079,Garrard, KY,35501
21081,Grant, KY,37427
21083,Graves, KY,38693
21085,Grayson, KY,34969
21087,Green, KY,35099
21089,Greenup, KY,42131
21091,Hancock, KY,40862
21093,Hardin, KY,44464
21095,Harlan, KY,31441
21097,Harrison, KY,36846
21099,Hart, KY,34228
21101,Henderson, KY,41329
21103,Henry, KY,39893
21105,Hickman, KY,43207
21107,Hopkins, KY,40219
21109,Jackson, KY,29905
21111,Jefferson, KY,54293
21113,Jessamine, KY,46769
21115,Johnson, KY,34442
21117,Kenton, KY,58917
21119,Knott, KY,31517
21121,Knox, KY,29841
21123,Larue, KY,38332
21125,Laurel, KY,34265
21127,Lawrence, KY,33031
21129,Lee, KY,28755
21131,Leslie, KY,34057
21133,Letcher, KY,31560
21135,Lewis, KY,32167
21137,Lincoln, KY,33549
21139,Livingston, KY,38644
21141,Logan, KY,37061
21143,Lyon, KY,37823
21145,McCracken, KY,48517
21147,McCreary, KY,26649
21149,McLean, KY,39825
21151,Madison, KY,35969
21153,Magoffin, KY,33307
21155,Marion, KY,37733
21157,Marshall, KY,42509
21159,Martin, KY,29194
21161,Mason, KY,41414
21163,Meade, KY,41449
21165,Menifee, KY,31719
21167,Mercer, KY,37891
21169,Metcalfe, KY,31968
21171,Monroe, KY,37421
21173,Montgomery, KY,36141
21175,Morgan, KY,28308
21177,Muhlenberg, KY,34807
21179,Nelson, KY,44101
21181,Nicholas, KY,35360
21183,Ohio, KY,33140
21185,Oldham, KY,66583
21187,Owen, KY,33906
21189,Owsley, KY,32179
21191,Pendleton, KY,45354
21193,Perry, KY,38701
21195,Pike, KY,35833
21197,Powell, KY,32497
21199,Pulaski, KY,38331
21201,Robertson, KY,33813
21203,Rockcastle, KY,32301
21205,Rowan, KY,31654
21207,Russell, KY,37449
21209,Scott, KY,44391
21211,Shelby, KY,46655
21213,Simpson, KY,38943
21215,Spencer, KY,45606
21217,Taylor, KY,35388
21219,Todd, KY,38800
21221,Trigg, KY,38177
21223,Trimble, KY,40200
21225,Union, KY,36328
21227,Warren, KY,38153
21229,Washington, KY,38091
21231,Wayne, KY,29160
21233,Webster, KY,39887
21235,Whitley, KY,34331
21237,Wolfe, KY,31477
21239,Woodford, KY,53192
22001,Acadia, LA,37337
22003,Allen, LA,34997
22005,Ascension, LA,51516
22007,Assumption, LA,49020
22009,Avoyelles, LA,38588
22011,Beauregard, LA,43502
22013,Bienville, LA,38881
22015,Bossier, LA,45535
22017,Caddo, LA,50376
22019,Calcasieu, LA,49562
22021,Caldwell, LA,34840
22023,Cameron, LA,48227
22025,Catahoula, LA,34749
22027,Claiborne, LA,34115
22029,Concordia, LA,33666
22031,De Soto, LA,42314
22033,East Baton Rouge, LA,53223
22035,East Carroll, LA,35331
22037,East Feliciana, LA,42654
22039,Evangeline, LA,33380
22041,Franklin, LA,32965
22043,Grant, LA,31756
22045,Iberia, LA,41006
22047,Iberville, LA,43494
22049,Jackson, LA,34499
22051,Jefferson, LA,51950
22053,Jefferson Davis, LA,42513
22055,Lafayette, LA,49632
22057,Lafourche, LA,45884
22059,LaSalle, LA,33808
22061,Lincoln, LA,42155
22063,Livingston, LA,43122
22065,Madison, LA,32651
22067,Morehouse, LA,39290
22069,Natchitoches, LA,41113
22071,Orleans, LA,53142
22073,Ouachita, LA,42164
22075,Plaquemines, LA,48482
22077,Pointe Coupee, LA,48688
22079,Rapides, LA,46666
22081,Red River, LA,42778
22083,Richland, LA,38908
22085,Sabine, LA,36280
22087,St. Bernard, LA,32956
22089,St. Charles, LA,50137
22091,St. Helena, LA,44753
22093,St. James, LA,53762
22095,St. John the Baptist, LA,42329
22097,St. Landry, LA,42357
22099,St. Martin, LA,39293
22101,St. Mary, LA,41877
22103,St. Tammany, LA,68914
22105,Tangipahoa, LA,38963
22107,Tensas, LA,41879
22109,Terrebonne, LA,42545
22111,Union, LA,41110
22113,Vermilion, LA,40111
22115,Vernon, LA,42488
22117,Washington, LA,35224
22119,Webster, LA,41473
22121,West Baton Rouge, LA,49018
22123,West Carroll, LA,32175
22125,West Feliciana, LA,39414
22127,Winn, LA,38645
23001,Androscoggin, ME,42698
23003,Aroostook, ME,42664
23005,Cumberland, ME,64361
23007,Franklin, ME,40425
23009,Hancock, ME,52016
23011,Kennebec, ME,46677
23013,Knox, ME,51685
23015,Lincoln, ME,51621
23017,Oxford, ME,38988
23019,Penobscot, ME,43083
23021,Piscataquis, ME,39349
23023,Sagadahoc, ME,52383
23025,Somerset, ME,39093
23027,Waldo, ME,44116
23029,Washington, ME,40813
23031,York, ME,54396
24001,Allegany, MD,40687
24003,Anne Arundel, MD,68314
24005,Baltimore, MD,62543
24009,Calvert, MD,63247
24011,Caroline, MD,45657
24013,Carroll, MD,63409
24015,Cecil, MD,48834
24017,Charles, MD,57196
24019,Dorchester, MD,46514
24021,Frederick, MD,62804
24023,Garrett, MD,45630
24025,Harford, MD,59653
24027,Howard, MD,78033
24029,Kent, MD,60407
24031,Montgomery, MD,86221
24033,Prince George's, MD,49947
24035,Queen Anne's, MD,64996
24037,St. Mary's, MD,57891
24039,Somerset, MD,30623
24041,Talbot, MD,72729
24043,Washington, MD,47071
24045,Wicomico, MD,41134
24047,Worcester, MD,56536
24510,Baltimore (Independent City), MD,49964
25001,Barnstable, MA,75339
25003,Berkshire, MA,57300
25005,Bristol, MA,55411
25007,Dukes, MA,87121
25009,Essex, MA,68854
25011,Franklin, MA,55859
25013,Hampden, MA,52905
25015,Hampshire, MA,53816
25017,Middlesex, MA,86525
25019,Nantucket, MA,115305
25021,Norfolk, MA,93470
25023,Plymouth, MA,68792
25025,Suffolk, MA,84307
25027,Worcester, MA,58196
26001,Alcona, MI,40579
26003,Alger, MI,34032
26005,Allegan, MI,46185
26007,Alpena, MI,41212
26009,Antrim, MI,48432
26011,Arenac, MI,38639
26013,Baraga, MI,34274
26015,Barry, MI,45920
26017,Bay, MI,43554
26019,Benzie, MI,45896
26021,Berrien, MI,48231
26023,Branch, MI,37942
26025,Calhoun, MI,40428
26027,Cass, MI,45216
26029,Charlevoix, MI,53133
26031,Cheboygan, MI,40138
26033,Chippewa, MI,35284
26035,Clare, MI,34619
26037,Clinton, MI,47341
26039,Crawford, MI,35237
26041,Delta, MI,40957
26043,Dickinson, MI,48949
26045,Eaton, MI,43537
26047,Emmet, MI,58548
26049,Genesee, MI,41940
26051,Gladwin, MI,37307
26053,Gogebic, MI,43769
26055,Grand Traverse, MI,52631
26057,Gratiot, MI,37530
26059,Hillsdale, MI,35801
26061,Houghton, MI,38870
26063,Huron, MI,45933
26065,Ingham, MI,41298
26067,Ionia, MI,35503
26069,Iosco, MI,38943
26071,Iron, MI,45446
26073,Isabella, MI,36275
26075,Jackson, MI,40413
26077,Kalamazoo, MI,49305
26079,Kalkaska, MI,36085
26081,Kent, MI,53799
26083,Keweenaw, MI,48537
26085,Lake, MI,34379
26087,Lapeer, MI,44862
26089,Leelanau, MI,69373
26091,Lenawee, MI,40866
26093,Livingston, MI,59097
26095,Luce, MI,31604
26097,Mackinac, MI,44986
26099,Macomb, MI,47730
26101,Manistee, MI,40663
26103,Marquette, MI,40284
26105,Mason, MI,41185
26107,Mecosta, MI,33868
26109,Menominee, MI,43943
26111,Midland, MI,54477
26113,Missaukee, MI,35914
26115,Monroe, MI,48696
26117,Montcalm, MI,35911
26119,Montmorency, MI,37620
26121,Muskegon, MI,39769
26123,Newaygo, MI,38246
26125,Oakland, MI,73468
26127,Oceana, MI,38890
26129,Ogemaw, MI,34411
26131,Ontonagon, MI,41340
26133,Osceola, MI,37980
26135,Oscoda, MI,34394
26137,Otsego, MI,41634
26139,Ottawa, MI,49484
26141,Presque Isle, MI,41339
26143,Roscommon, MI,37140
26145,Saginaw, MI,41659
26147,St. Clair, MI,45787
26149,St. Joseph, MI,39092
26151,Sanilac, MI,38005
26153,Schoolcraft, MI,40822
26155,Shiawassee, MI,40589
26157,Tuscola, MI,38014
26159,Van Buren, MI,41686
26161,Washtenaw, MI,61101
26163,Wayne, MI,44308
26165,Wexford, MI,37750
27001,Aitkin, MN,41614
27003,Anoka, MN,52722
27005,Becker, MN,48065
27007,Beltrami, MN,42096
27009,Benton, MN,45690
27011,Big Stone, MN,51543
27013,Blue Earth, MN,45586
27015,Brown, MN,54004
27017,Carlton, MN,44132
27019,Carver, MN,73023
27021,Cass, MN,47734
27023,Chippewa, MN,51352
27025,Chisago, MN,50229
27027,Clay, MN,43630
27029,Clearwater, MN,44428
27031,Cook, MN,54021
27033,Cottonwood, MN,45306
27035,Crow Wing, MN,46053
27037,Dakota, MN,61977
27039,Dodge, MN,46516
27041,Douglas, MN,52139
27043,Faribault, MN,42944
27045,Fillmore, MN,44185
27047,Freeborn, MN,45543
27049,Goodhue, MN,54722
27051,Grant, MN,45370
27053,Hennepin, MN,76131
27055,Houston, MN,51566
27057,Hubbard, MN,49506
27059,Isanti, MN,45950
27061,Itasca, MN,45348
27063,Jackson, MN,53316
27065,Kanabec, MN,43250
27067,Kandiyohi, MN,52047
27069,Kittson, MN,46418
27071,Koochiching, MN,45763
27073,Lac qui Parle, MN,50540
27075,Lake, MN,49236
27077,Lake of the Woods, MN,54717
27079,Le Sueur, MN,50038
27081,Lincoln, MN,46968
27083,Lyon, MN,49992
27085,McLeod, MN,49640
27087,Mahnomen, MN,34186
27089,Marshall, MN,49025
27091,Martin, MN,52242
27093,Meeker, MN,44873
27095,Mille Lacs, MN,43471
27097,Morrison, MN,42293
27099,Mower, MN,46221
27101,Murray, MN,52414
27103,Nicollet, MN,49652
27105,Nobles, MN,44897
27107,Norman, MN,37345
27109,Olmsted, MN,59450
27111,Otter Tail, MN,48116
27113,Pennington, MN,56612
27115,Pine, MN,38737
27117,Pipestone, MN,54055
27119,Polk, MN,47089
27121,Pope, MN,50171
27123,Ramsey, MN,55442
27125,Red Lake, MN,48415
27127,Redwood, MN,53572
27129,Renville, MN,48527
27131,Rice, MN,44816
27133,Rock, MN,50595
27135,Roseau, MN,48237
27137,St. Louis, MN,48216
27139,Scott, MN,62916
27141,Sherburne, MN,47802
27143,Sibley, MN,47932
27145,Stearns, MN,47483
27147,Steele, MN,47429
27149,Stevens, MN,46825
27151,Swift, MN,48734
27153,Todd, MN,43113
27155,Traverse, MN,51487
27157,Wabasha, MN,49096
27159,Wadena, MN,40131
27161,Waseca, MN,42148
27163,Washington, MN,69495
27165,Watonwan, MN,45378
27167,Wilkin, MN,51647
27169,Winona, MN,48417
27171,Wright, MN,52035
27173,Yellow Medicine, MN,54077
28001,Adams, MS,35171
28003,Alcorn, MS,36622
28005,Amite, MS,35482
28007,Attala, MS,34612
28009,Benton, MS,31413
28011,Bolivar, MS,38102
28013,Calhoun, MS,33690
28015,Carroll, MS,38098
28017,Chickasaw, MS,36206
28019,Choctaw, MS,34996
28021,Claiborne, MS,31580
28023,Clarke, MS,38710
28025,Clay, MS,38522
28027,Coahoma, MS,37050
28029,Copiah, MS,34056
28031,Covington, MS,37410
28033,DeSoto, MS,42575
28035,Forrest, MS,39104
28037,Franklin, MS,35842
28039,George, MS,34482
28041,Greene, MS,28975
28043,Grenada, MS,36642
28045,Hancock, MS,36243
28047,Harrison, MS,38245
28049,Hinds, MS,40176
28051,Holmes, MS,29967
28053,Humphreys, MS,34850
28055,Issaquena, MS,26748
28057,Itawamba, MS,36827
28059,Jackson, MS,38663
28061,Jasper, MS,40697
28063,Jefferson, MS,35326
28065,Jefferson Davis, MS,30640
28067,Jones, MS,38659
28069,Kemper, MS,29942
28071,Lafayette, MS,43865
28073,Lamar, MS,40582
28075,Lauderdale, MS,39481
28077,Lawrence, MS,34769
28079,Leake, MS,31914
28081,Lee, MS,42835
28083,Leflore, MS,39296
28085,Lincoln, MS,39466
28087,Lowndes, MS,40785
28089,Madison, MS,65334
28091,Marion, MS,38467
28093,Marshall, MS,34601
28095,Monroe, MS,36370
28097,Montgomery, MS,35526
28099,Neshoba, MS,37731
28101,Newton, MS,36017
28103,Noxubee, MS,34842
28105,Oktibbeha, MS,35408
28107,Panola, MS,33845
28109,Pearl River, MS,37849
28111,Perry, MS,33510
28113,Pike, MS,31673
28115,Pontotoc, MS,33953
28117,Prentiss, MS,31461
28119,Quitman, MS,29765
28121,Rankin, MS,45632
28123,Scott, MS,31657
28125,Sharkey, MS,34344
28127,Simpson, MS,37381
28129,Smith, MS,36086
28131,Stone, MS,34214
28133,Sunflower, MS,30865
28135,Tallahatchie, MS,30200
28137,Tate, MS,37032
28139,Tippah, MS,38248
28141,Tishomingo, MS,35052
28143,Tunica, MS,35554
28145,Union, MS,33657
28147,Walthall, MS,32414
28149,Warren, MS,41129
28151,Washington, MS,37699
28153,Wayne, MS,35887
28155,Webster, MS,39895
28157,Wilkinson, MS,30772
28159,Winston, MS,36845
28161,Yalobusha, MS,37892
28163,Yazoo, MS,28282
29001,Adair, MO,32852
29003,Andrew, MO,45556
29005,Atchison, MO,46412
29007,Audrain, MO,38057
29009,Barry, MO,35740
29011,Barton, MO,35404
29013,Bates, MO,40500
29015,Benton, MO,38401
29017,Bollinger, MO,33575
29019,Boone, MO,49114
29021,Buchanan, MO,40346
29023,Butler, MO,36122
29025,Caldwell, MO,38677
29027,Callaway, MO,39446
29029,Camden, MO,38767
29031,Cape Girardeau, MO,45469
29033,Carroll, MO,46568
29035,Carter, MO,33215
29037,Cass, MO,48541
29039,Cedar, MO,31439
29041,Chariton, MO,43955
29043,Christian, MO,41755
29045,Clark, MO,35733
29047,Clay, MO,49277
29049,Clinton, MO,43484
29051,Cole, MO,48726
29053,Cooper, MO,40091
29055,Crawford, MO,36035
29057,Dade, MO,34918
29059,Dallas, MO,33893
29061,Daviess, MO,33941
29063,DeKalb, MO,34340
29065,Dent, MO,33747
29067,Douglas, MO,28628
29069,Dunklin, MO,36310
29071,Franklin, MO,46258
29073,Gasconade, MO,41022
29075,Gentry, MO,43165
29077,Greene, MO,45981
29079,Grundy, MO,35358
29081,Harrison, MO,36562
29083,Henry, MO,41731
29085,Hickory, MO,29222
29087,Holt, MO,50307
29089,Howard, MO,41227
29091,Howell, MO,35152
29093,Iron, MO,33575
29095,Jackson, MO,47718
29097,Jasper, MO,41165
29099,Jefferson, MO,43873
29101,Johnson, MO,37654
29103,Knox, MO,35416
29105,Laclede, MO,36219
29107,Lafayette, MO,42613
29109,Lawrence, MO,34635
29111,Lewis, MO,36476
29113,Lincoln, MO,41183
29115,Linn, MO,39244
29117,Livingston, MO,39489
29119,McDonald, MO,29844
29121,Macon, MO,41400
29123,Madison, MO,37034
29125,Maries, MO,34764
29127,Marion, MO,41119
29129,Mercer, MO,31725
29131,Miller, MO,36124
29133,Mississippi, MO,31838
29135,Moniteau, MO,37826
29137,Monroe, MO,41105
29139,Montgomery, MO,41711
29141,Morgan, MO,41653
29143,New Madrid, MO,37493
29145,Newton, MO,39704
29147,Nodaway, MO,32782
29149,Oregon, MO,30634
29151,Osage, MO,45571
29153,Ozark, MO,31228
29155,Pemiscot, MO,36420
29157,Perry, MO,42152
29159,Pettis, MO,38247
29161,Phelps, MO,39916
29163,Pike, MO,36631
29165,Platte, MO,58794
29167,Polk, MO,35248
29169,Pulaski, MO,41866
29171,Putnam, MO,35844
29173,Ralls, MO,39925
29175,Randolph, MO,39385
29177,Ray, MO,43317
29179,Reynolds, MO,35427
29181,Ripley, MO,31050
29183,St. Charles, MO,55138
29185,St. Clair, MO,30219
29186,Ste. Genevieve, MO,41903
29187,St. Francois, MO,34982
29189,St. Louis, MO,74361
29195,Saline, MO,38156
29197,Schuyler, MO,29553
29199,Scotland, MO,34488
29201,Scott, MO,41315
29203,Shannon, MO,30499
29205,Shelby, MO,39963
29207,Stoddard, MO,37650
29209,Stone, MO,40138
29211,Sullivan, MO,38963
29213,Taney, MO,37146
29215,Texas, MO,29601
29217,Vernon, MO,35089
29219,Warren, MO,42665
29221,Washington, MO,30752
29223,Wayne, MO,31094
29225,Webster, MO,33841
29227,Worth, MO,37652
29229,Wright, MO,32792
29510,St. Louis (Independent City), MO,48683
30001,Beaverhead, MT,48070
30003,Big Horn, MT,31515
30005,Blaine, MT,30806
30007,Broadwater, MT,45732
30009,Carbon, MT,53870
30011,Carter, MT,40733
30013,Cascade, MT,49201
30015,Chouteau, MT,40738
30017,Custer, MT,47174
30019,Daniels, MT,49331
30021,Dawson, MT,46622
30023,Deer Lodge, MT,40985
30025,Fallon, MT,49763
30027,Fergus, MT,45588
30029,Flathead, MT,50144
30031,Gallatin, MT,60195
30033,Garfield, MT,33179
30035,Glacier, MT,37035
30037,Golden Valley, MT,50027
30039,Granite, MT,45815
30041,Hill, MT,45987
30043,Jefferson, MT,50147
30045,Judith Basin, MT,49496
30047,Lake, MT,40842
30049,Lewis and Clark, MT,50915
30051,Liberty, MT,45195
30053,Lincoln, MT,37725
30055,McCone, MT,39147
30057,Madison, MT,53651
30059,Meagher, MT,45173
30061,Mineral, MT,39759
30063,Missoula, MT,51738
30065,Musselshell, MT,46093
30067,Park, MT,52934
30069,Petroleum, MT,33189
30071,Phillips, MT,41271
30073,Pondera, MT,49754
30075,Powder River, MT,34282
30077,Powell, MT,43912
30079,Prairie, MT,47483
30081,Ravalli, MT,47253
30083,Richland, MT,62491
30085,Roosevelt, MT,36309
30087,Rosebud, MT,45239
30089,Sanders, MT,37345
30091,Sheridan, MT,50463
30093,Silver Bow, MT,48263
30095,Stillwater, MT,54288
30097,Sweet Grass, MT,49597
30099,Teton, MT,48870
30101,Toole, MT,53369
30103,Treasure, MT,56758
30105,Valley, MT,47510
30107,Wheatland, MT,38608
30109,Wibaux, MT,41155
30111,Yellowstone, MT,54213
31001,Adams, NE,50017
31003,Antelope, NE,55033
31005,Arthur, NE,46098
31007,Banner, NE,50306
31009,Blaine, NE,60424
31011,Boone, NE,58601
31013,Box Butte, NE,49193
31015,Boyd, NE,56197
31017,Brown, NE,55182
31019,Buffalo, NE,57582
31021,Burt, NE,49088
31023,Butler, NE,49790
31025,Cass, NE,53998
31027,Cedar, NE,50389
31029,Chase, NE,58777
31031,Cherry, NE,44279
31033,Cheyenne, NE,48234
31035,Clay, NE,51089
31037,Colfax, NE,43925
31039,Cuming, NE,64624
31041,Custer, NE,48095
31043,Dakota, NE,44062
31045,Dawes, NE,38323
31047,Dawson, NE,44940
31049,Deuel, NE,40437
31051,Dixon, NE,44444
31053,Dodge, NE,49231
31055,Douglas, NE,63072
31057,Dundy, NE,71079
31059,Fillmore, NE,57255
31061,Franklin, NE,49798
31063,Frontier, NE,38425
31065,Furnas, NE,45337
31067,Gage, NE,48993
31069,Garden, NE,46002
31071,Garfield, NE,41582
31073,Gosper, NE,49937
31075,Grant, NE,47447
31077,Greeley, NE,46749
31079,Hall, NE,44457
31081,Hamilton, NE,55198
31083,Harlan, NE,51888
31085,Hayes, NE,65255
31087,Hitchcock, NE,39694
31089,Holt, NE,51745
31091,Hooker, NE,47804
31093,Howard, NE,45971
31095,Jefferson, NE,48555
31097,Johnson, NE,35813
31099,Kearney, NE,55393
31101,Keith, NE,47398
31103,Keya Paha, NE,49847
31105,Kimball, NE,44529
31107,Knox, NE,46679
31109,Lancaster, NE,50510
31111,Lincoln, NE,49610
31113,Logan, NE,49181
31115,Loup, NE,52624
31117,McPherson, NE,45197
31119,Madison, NE,51413
31121,Merrick, NE,46880
31123,Morrill, NE,56516
31125,Nance, NE,39292
31127,Nemaha, NE,48589
31129,Nuckolls, NE,51840
31131,Otoe, NE,54989
31133,Pawnee, NE,43594
31135,Perkins, NE,62624
31137,Phelps, NE,53449
31139,Pierce, NE,57173
31141,Platte, NE,48042
31143,Polk, NE,53391
31145,Red Willow, NE,46409
31147,Richardson, NE,49555
31149,Rock, NE,59531
31151,Saline, NE,43935
31153,Sarpy, NE,52380
31155,Saunders, NE,53414
31157,Scotts Bluff, NE,45388
31159,Seward, NE,51580
31161,Sheridan, NE,49061
31163,Sherman, NE,43915
31165,Sioux, NE,55894
31167,Stanton, NE,45713
31169,Thayer, NE,54402
31171,Thomas, NE,53003
31173,Thurston, NE,39140
31175,Valley, NE,49408
31177,Washington, NE,58047
31179,Wayne, NE,44259
31181,Webster, NE,49541
31183,Wheeler, NE,68540
31185,York, NE,50703
32001,Churchill, NV,46149
32003,Clark, NV,49225
32005,Douglas, NV,75241
32007,Elko, NV,47785
32009,Esmeralda, NV,43025
32011,Eureka, NV,42637
32013,Humboldt, NV,48853
32015,Lander, NV,69494
32017,Lincoln, NV,39793
32019,Lyon, NV,40313
32021,Mineral, NV,41261
32023,Nye, NV,39673
32027,Pershing, NV,33337
32029,Storey, NV,58374
32031,Washoe, NV,62994
32033,White Pine, NV,46584
32510,Carson City (Independent City), NV,52880
33001,Belknap, NH,63484
33003,Carroll, NH,60844
33005,Cheshire, NH,53190
33007,Coos, NH,44804
33009,Grafton, NH,63816
33011,Hillsborough, NH,62752
33013,Merrimack, NH,59936
33015,Rockingham, NH,78153
33017,Strafford, NH,52598
33019,Sullivan, NH,54260
34001,Atlantic, NJ,51247
34003,Bergen, NJ,88241
34005,Burlington, NJ,63528
34007,Camden, NJ,54958
34009,Cape May, NJ,63203
34011,Cumberland, NJ,41327
34013,Essex, NJ,65927
34015,Gloucester, NJ,56853
34017,Hudson, NJ,67570
34019,Hunterdon, NJ,91946
34021,Mercer, NJ,70675
34023,Middlesex, NJ,62665
34025,Monmouth, NJ,82270
34027,Morris, NJ,99140
34029,Ocean, NJ,53517
34031,Passaic, NJ,51203
34033,Salem, NJ,50597
34035,Somerset, NJ,110466
34037,Sussex, NJ,64284
34039,Union, NJ,68867
34041,Warren, NJ,56956
35001,Bernalillo, NM,45203
35003,Catron, NM,32184
35005,Chaves, NM,40117
35006,Cibola, NM,28979
35007,Colfax, NM,41000
35009,Curry, NM,43667
35011,De Baca, NM,47727
35013,Doña Ana, NM,37413
35015,Eddy, NM,60847
35017,Grant, NM,42599
35019,Guadalupe, NM,35168
35021,Harding, NM,41124
35023,Hidalgo, NM,43323
35025,Lea, NM,49517
35027,Lincoln, NM,41869
35028,Los Alamos, NM,73189
35029,Luna, NM,32997
35031,McKinley, NM,28855
35033,Mora, NM,40436
35035,Otero, NM,35231
35037,Quay, NM,39870
35039,Rio Arriba, NM,36401
35041,Roosevelt, NM,41475
35043,Sandoval, NM,43977
35045,San Juan, NM,36095
35047,San Miguel, NM,36191
35049,Santa Fe, NM,60301
35051,Sierra, NM,40762
35053,Socorro, NM,35054
35055,Taos, NM,38446
35057,Torrance, NM,33301
35059,Union, NM,35939
35061,Valencia, NM,35268
36001,Albany, NY,61876
36003,Allegany, NY,37131
36005,Bronx, NY,38096
36007,Broome, NY,45174
36009,Cattaraugus, NY,41122
36011,Cayuga, NY,44415
36013,Chautauqua, NY,41443
36015,Chemung, NY,45658
36017,Chenango, NY,43286
36019,Clinton, NY,44859
36021,Columbia, NY,57136
36023,Cortland, NY,41412
36025,Delaware, NY,42523
36027,Dutchess, NY,58417
36029,Erie, NY,52264
36031,Essex, NY,47329
36033,Franklin, NY,39307
36035,Fulton, NY,44478
36037,Genesee, NY,45200
36039,Greene, NY,48947
36041,Hamilton, NY,55730
36043,Herkimer, NY,43347
36045,Jefferson, NY,48896
36047,Kings, NY,54349
36049,Lewis, NY,47134
36051,Livingston, NY,46116
36053,Madison, NY,45453
36055,Monroe, NY,54174
36057,Montgomery, NY,41995
36059,Nassau, NY,92159
36061,New York, NY,187213
36063,Niagara, NY,47053
36065,Oneida, NY,46529
36067,Onondaga, NY,54379
36069,Ontario, NY,55315
36071,Orange, NY,53287
36073,Orleans, NY,39798
36075,Oswego, NY,42047
36077,Otsego, NY,45672
36079,Putnam, NY,69542
36081,Queens, NY,51530
36083,Rensselaer, NY,50481
36085,Richmond, NY,57990
36087,Rockland, NY,62206
36089,St. Lawrence, NY,39373
36091,Saratoga, NY,72219
36093,Schenectady, NY,54310
36095,Schoharie, NY,42648
36097,Schuyler, NY,42703
36099,Seneca, NY,40299
36101,Steuben, NY,46726
36103,Suffolk, NY,72180
36105,Sullivan, NY,48550
36107,Tioga, NY,46818
36109,Tompkins, NY,46052
36111,Ulster, NY,52554
36113,Warren, NY,54650
36115,Washington, NY,42122
36117,Wayne, NY,48162
36119,Westchester, NY,112037
36121,Wyoming, NY,42682
36123,Yates, NY,41632
37001,Alamance, NC,41256
37003,Alexander, NC,37758
37005,Alleghany, NC,37987
37007,Anson, NC,37741
37009,Ashe, NC,36643
37011,Avery, NC,36896
37013,Beaufort, NC,43878
37015,Bertie, NC,37557
37017,Bladen, NC,35601
37019,Brunswick, NC,45128
37021,Buncombe, NC,50804
37023,Burke, NC,36022
37025,Cabarrus, NC,46826
37027,Caldwell, NC,36141
37029,Camden, NC,45839
37031,Carteret, NC,50531
37033,Caswell, NC,36032
37035,Catawba, NC,46184
37037,Chatham, NC,64978
37039,Cherokee, NC,34072
37041,Chowan, NC,42376
37043,Clay, NC,34901
37045,Cleveland, NC,38859
37047,Columbus, NC,33376
37049,Craven, NC,45308
37051,Cumberland, NC,39799
37053,Currituck, NC,46911
37055,Dare, NC,56573
37057,Davidson, NC,40647
37059,Davie, NC,49964
37061,Duplin, NC,35354
37063,Durham, NC,51380
37065,Edgecombe, NC,36237
37067,Forsyth, NC,48756
37069,Franklin, NC,36826
37071,Gaston, NC,41330
37073,Gates, NC,38915
37075,Graham, NC,35055
37077,Granville, NC,40359
37079,Greene, NC,32088
37081,Guilford, NC,47013
37083,Halifax, NC,37146
37085,Harnett, NC,35873
37087,Haywood, NC,41523
37089,Henderson, NC,45680
37091,Hertford, NC,32717
37093,Hoke, NC,32845
37095,Hyde, NC,39776
37097,Iredell, NC,53465
37099,Jackson, NC,35663
37101,Johnston, NC,41318
37103,Jones, NC,41434
37105,Lee, NC,42390
37107,Lenoir, NC,40990
37109,Lincoln, NC,47322
37111,McDowell, NC,35086
37113,Macon, NC,41654
37115,Madison, NC,35888
37117,Martin, NC,35403
37119,Mecklenburg, NC,62846
37121,Mitchell, NC,37046
37123,Montgomery, NC,36850
37125,Moore, NC,52441
37127,Nash, NC,43315
37129,New Hanover, NC,48558
37131,Northampton, NC,36080
37133,Onslow, NC,40671
37135,Orange, NC,65530
37137,Pamlico, NC,42848
37139,Pasquotank, NC,39521
37141,Pender, NC,39418
37143,Perquimans, NC,41234
37145,Person, NC,39038
37147,Pitt, NC,42882
37149,Polk, NC,46661
37151,Randolph, NC,38935
37153,Richmond, NC,35434
37155,Robeson, NC,30552
37157,Rockingham, NC,38057
37159,Rowan, NC,40714
37161,Rutherford, NC,34065
37163,Sampson, NC,35805
37165,Scotland, NC,33895
37167,Stanly, NC,39931
37169,Stokes, NC,38775
37171,Surry, NC,39696
37173,Swain, NC,40824
37175,Transylvania, NC,43065
37177,Tyrrell, NC,33699
37179,Union, NC,54534
37181,Vance, NC,35002
37183,Wake, NC,62657
37185,Warren, NC,30317
37187,Washington, NC,36780
37189,Watauga, NC,38652
37191,Wayne, NC,40116
37193,Wilkes, NC,37309
37195,Wilson, NC,40260
37197,Yadkin, NC,39012
37199,Yancey, NC,38011
38001,Adams, ND,49382
38003,Barnes, ND,56985
38005,Benson, ND,36229
38007,Billings, ND,81562
38009,Bottineau, ND,61826
38011,Bowman, ND,68298
38013,Burke, ND,76582
38015,Burleigh, ND,61147
38017,Cass, ND,59415
38019,Cavalier, ND,64238
38021,Dickey, ND,63334
38023,Divide, ND,55971
38025,Dunn, ND,67270
38027,Eddy, ND,60794
38029,Emmons, ND,51194
38031,Foster, ND,61967
38033,Golden Valley, ND,39030
38035,Grand Forks, ND,53381
38037,Grant, ND,45297
38039,Griggs, ND,58748
38041,Hettinger, ND,50384
38043,Kidder, ND,53103
38045,LaMoure, ND,60161
38047,Logan, ND,51572
38049,McHenry, ND,52552
38051,McIntosh, ND,60988
38053,McKenzie, ND,67761
38055,McLean, ND,61260
38057,Mercer, ND,58923
38059,Morton, ND,54782
38061,Mountrail, ND,65591
38063,Nelson, ND,61641
38065,Oliver, ND,45805
38067,Pembina, ND,60963
38069,Pierce, ND,48329
38071,Ramsey, ND,50171
38073,Ransom, ND,59123
38075,Renville, ND,71625
38077,Richland, ND,52375
38079,Rolette, ND,36455
38081,Sargent, ND,62704
38083,Sheridan, ND,47192
38085,Sioux, ND,28194
38087,Slope, ND,45086
38089,Stark, ND,65914
38091,Steele, ND,62811
38093,Stutsman, ND,54679
38095,Towner, ND,59474
38097,Traill, ND,54952
38099,Walsh, ND,52544
38101,Ward, ND,56161
38103,Wells, ND,60817
38105,Williams, ND,69619
39001,Adams, OH,35553
39003,Allen, OH,43268
39005,Ashland, OH,39969
39007,Ashtabula, OH,40039
39009,Athens, OH,34387
39011,Auglaize, OH,49225
39013,Belmont, OH,41735
39015,Brown, OH,38935
39017,Butler, OH,49959
39019,Carroll, OH,40997
39021,Champaign, OH,42403
39023,Clark, OH,41625
39025,Clermont, OH,57571
39027,Clinton, OH,45049
39029,Columbiana, OH,39387
39031,Coshocton, OH,36258
39033,Crawford, OH,39667
39035,Cuyahoga, OH,55998
39037,Darke, OH,44202
39039,Defiance, OH,41905
39041,Delaware, OH,76131
39043,Erie, OH,55748
39045,Fairfield, OH,47809
39047,Fayette, OH,40049
39049,Franklin, OH,51467
39051,Fulton, OH,47145
39053,Gallia, OH,40492
39055,Geauga, OH,71824
39057,Greene, OH,51648
39059,Guernsey, OH,41731
39061,Hamilton, OH,61458
39063,Hancock, OH,50556
39065,Hardin, OH,33253
39067,Harrison, OH,39466
39069,Henry, OH,46216
39071,Highland, OH,37274
39073,Hocking, OH,39253
39075,Holmes, OH,47386
39077,Huron, OH,41776
39079,Jackson, OH,36816
39081,Jefferson, OH,40683
39083,Knox, OH,44390
39085,Lake, OH,52811
39087,Lawrence, OH,39413
39089,Licking, OH,47498
39091,Logan, OH,44189
39093,Lorain, OH,47989
39095,Lucas, OH,47719
39097,Madison, OH,42296
39099,Mahoning, OH,44315
39101,Marion, OH,37873
39103,Medina, OH,57630
39105,Meigs, OH,36055
39107,Mercer, OH,50940
39109,Miami, OH,48999
39111,Monroe, OH,37565
39113,Montgomery, OH,48143
39115,Morgan, OH,34508
39117,Morrow, OH,40740
39119,Muskingum, OH,42506
39121,Noble, OH,27981
39123,Ottawa, OH,54026
39125,Paulding, OH,41831
39127,Perry, OH,38562
39129,Pickaway, OH,42169
39131,Pike, OH,38804
39133,Portage, OH,45500
39135,Preble, OH,41302
39137,Putnam, OH,50699
39139,Richland, OH,40313
39141,Ross, OH,39010
39143,Sandusky, OH,42343
39145,Scioto, OH,40794
39147,Seneca, OH,40458
39149,Shelby, OH,46069
39151,Stark, OH,46384
39153,Summit, OH,53580
39155,Trumbull, OH,41559
39157,Tuscarawas, OH,45039
39159,Union, OH,59835
39161,Van Wert, OH,43120
39163,Vinton, OH,35022
39165,Warren, OH,62896
39167,Washington, OH,44343
39169,Wayne, OH,46939
39171,Williams, OH,42965
39173,Wood, OH,48566
39175,Wyandot, OH,46032
40001,Adair, OK,29926
40003,Alfalfa, OK,40970
40005,Atoka, OK,32869
40007,Beaver, OK,54416
40009,Beckham, OK,39364
40011,Blaine, OK,43857
40013,Bryan, OK,35545
40015,Caddo, OK,37535
40017,Canadian, OK,46596
40019,Carter, OK,44167
40021,Cherokee, OK,33943
40023,Choctaw, OK,32340
40025,Cimarron, OK,66785
40027,Cleveland, OK,46488
40029,Coal, OK,38752
40031,Comanche, OK,42639
40033,Cotton, OK,43995
40035,Craig, OK,39286
40037,Creek, OK,42591
40039,Custer, OK,41708
40041,Delaware, OK,33819
40043,Dewey, OK,50635
40045,Ellis, OK,53949
40047,Garfield, OK,45053
40049,Garvin, OK,40132
40051,Grady, OK,41854
40053,Grant, OK,47131
40055,Greer, OK,29876
40057,Harmon, OK,41582
40059,Harper, OK,50182
40061,Haskell, OK,33186
40063,Hughes, OK,41863
40065,Jackson, OK,43272
40067,Jefferson, OK,34158
40069,Johnston, OK,35555
40071,Kay, OK,41813
40073,Kingfisher, OK,56383
40075,Kiowa, OK,37429
40077,Latimer, OK,34821
40079,Le Flore, OK,33527
40081,Lincoln, OK,36731
40083,Logan, OK,44566
40085,Love, OK,38248
40087,McClain, OK,48780
40089,McCurtain, OK,33072
40091,McIntosh, OK,35972
40093,Major, OK,44106
40095,Marshall, OK,34406
40097,Mayes, OK,36741
40099,Murray, OK,43556
40101,Muskogee, OK,37881
40103,Noble, OK,44736
40105,Nowata, OK,37236
40107,Okfuskee, OK,31625
40109,Oklahoma, OK,55917
40111,Okmulgee, OK,35187
40113,Osage, OK,36438
40115,Ottawa, OK,38356
40117,Pawnee, OK,37399
40119,Payne, OK,39113
40121,Pittsburg, OK,39638
40123,Pontotoc, OK,45121
40125,Pottawatomie, OK,39769
40127,Pushmataha, OK,32731
40129,Roger Mills, OK,44266
40131,Rogers, OK,48836
40133,Seminole, OK,35152
40135,Sequoyah, OK,34256
40137,Stephens, OK,44182
40139,Texas, OK,56591
40141,Tillman, OK,38114
40143,Tulsa, OK,64444
40145,Wagoner, OK,41458
40147,Washington, OK,59436
40149,Washita, OK,36574
40151,Woods, OK,45859
40153,Woodward, OK,38420
41001,Baker, OR,41658
41003,Benton, OR,47920
41005,Clackamas, OR,61375
41007,Clatsop, OR,45743
41009,Columbia, OR,45379
41011,Coos, OR,46120
41013,Crook, OR,42981
41015,Curry, OR,44490
41017,Deschutes, OR,57493
41019,Douglas, OR,41804
41021,Gilliam, OR,56907
41023,Grant, OR,42596
41025,Harney, OR,40779
41027,Hood River, OR,55609
41029,Jackson, OR,47708
41031,Jefferson, OR,35376
41033,Josephine, OR,43694
41035,Klamath, OR,40457
41037,Lake, OR,41826
41039,Lane, OR,45960
41041,Lincoln, OR,44689
41043,Linn, OR,43971
41045,Malheur, OR,33562
41047,Marion, OR,44464
41049,Morrow, OR,48535
41051,Multnomah, OR,59402
41053,Polk, OR,42718
41055,Sherman, OR,57119
41057,Tillamook, OR,44607
41059,Umatilla, OR,41267
41061,Union, OR,40881
41063,Wallowa, OR,45435
41065,Wasco, OR,43397
41067,Washington, OR,63425
41069,Wheeler, OR,37385
41071,Yamhill, OR,47151
42001,Adams, PA,50785
42003,Allegheny, PA,64718
42005,Armstrong, PA,47058
42007,Beaver, PA,50385
42009,Bedford, PA,42762
42011,Berks, PA,51606
42013,Blair, PA,47573
42015,Bradford, PA,43071
42017,Bucks, PA,76502
42019,Butler, PA,60995
42021,Cambria, PA,44620
42023,Cameron, PA,48108
42025,Carbon, PA,52887
42027,Centre, PA,47947
42029,Chester, PA,88403
42031,Clarion, PA,42015
42033,Clearfield, PA,46443
42035,Clinton, PA,42765
42037,Columbia, PA,43558
42039,Crawford, PA,42127
42041,Cumberland, PA,57256
42043,Dauphin, PA,52892
42045,Delaware, PA,69950
42047,Elk, PA,48791
42049,Erie, PA,46259
42051,Fayette, PA,43522
42053,Forest, PA,25260
42055,Franklin, PA,48014
42057,Fulton, PA,45483
42059,Greene, PA,44600
42061,Huntingdon, PA,39381
42063,Indiana, PA,41155
42065,Jefferson, PA,45191
42067,Juniata, PA,45746
42069,Lackawanna, PA,48388
42071,Lancaster, PA,54529
42073,Lawrence, PA,44844
42075,Lebanon, PA,49099
42077,Lehigh, PA,54308
42079,Luzerne, PA,45938
42081,Lycoming, PA,44688
42083,McKean, PA,44352
42085,Mercer, PA,43102
42087,Mifflin, PA,40186
42089,Monroe, PA,44150
42091,Montgomery, PA,82176
42093,Montour, PA,58284
42095,Northampton, PA,56607
42097,Northumberland, PA,42867
42099,Perry, PA,46662
42101,Philadelphia, PA,54163
42103,Pike, PA,50631
42105,Potter, PA,44771
42107,Schuylkill, PA,43420
42109,Snyder, PA,42902
42111,Somerset, PA,42782
42113,Sullivan, PA,48102
42115,Susquehanna, PA,46787
42117,Tioga, PA,41923
42119,Union, PA,41982
42121,Venango, PA,43388
42123,Warren, PA,43077
42125,Washington, PA,58216
42127,Wayne, PA,45429
42129,Westmoreland, PA,53750
42131,Wyoming, PA,47177
42133,York, PA,52015
44001,Bristol, RI,79976
44003,Kent, RI,61199
44005,Newport, RI,72569
44007,Providence, RI,49258
44009,Washington, RI,68421
45001,Abbeville, SC,35065
45003,Aiken, SC,44503
45005,Allendale, SC,33110
45007,Anderson, SC,41306
45009,Bamberg, SC,34611
45011,Barnwell, SC,35961
45013,Beaufort, SC,59377
45015,Berkeley, SC,41968
45017,Calhoun, SC,41620
45019,Charleston, SC,64486
45021,Cherokee, SC,33738
45023,Chester, SC,35664
45025,Chesterfield, SC,32535
45027,Clarendon, SC,34665
45029,Colleton, SC,37026
45031,Darlington, SC,39085
45033,Dillon, SC,30468
45035,Dorchester, SC,40840
45037,Edgefield, SC,37506
45039,Fairfield, SC,38277
45041,Florence, SC,43759
45043,Georgetown, SC,49260
45045,Greenville, SC,49742
45047,Greenwood, SC,38031
45049,Hampton, SC,33833
45051,Horry, SC,39633
45053,Jasper, SC,31847
45055,Kershaw, SC,43196
45057,Lancaster, SC,50584
45059,Laurens, SC,35796
45061,Lee, SC,33349
45063,Lexington, SC,47789
45065,McCormick, SC,39949
45067,Marion, SC,33465
45069,Marlboro, SC,32379
45071,Newberry, SC,39210
45073,Oconee, SC,45471
45075,Orangeburg, SC,35700
45077,Pickens, SC,39845
45079,Richland, SC,46806
45081,Saluda, SC,35242
45083,Spartanburg, SC,44151
45085,Sumter, SC,39812
45087,Union, SC,34618
45089,Williamsburg, SC,34626
45091,York, SC,48729
46003,Aurora, SD,40817
46005,Beadle, SD,49575
46007,Bennett, SD,35761
46009,Bon Homme, SD,40508
46011,Brookings, SD,46641
46013,Brown, SD,55796
46015,Brule, SD,45527
46017,Buffalo, SD,20290
46019,Butte, SD,39261
46021,Campbell, SD,46477
46023,Charles Mix, SD,40591
46025,Clark, SD,45543
46027,Clay, SD,41042
46029,Codington, SD,51774
46031,Corson, SD,26983
46033,Custer, SD,50722
46035,Davison, SD,53116
46037,Day, SD,46160
46039,Deuel, SD,50426
46041,Dewey, SD,37947
46043,Douglas, SD,58104
46045,Edmunds, SD,53872
46047,Fall River, SD,47264
46049,Faulk, SD,54756
46051,Grant, SD,54847
46053,Gregory, SD,44000
46055,Haakon, SD,49797
46057,Hamlin, SD,43006
46059,Hand, SD,54692
46061,Hanson, SD,64561
46063,Harding, SD,49543
46065,Hughes, SD,54779
46067,Hutchinson, SD,55464
46069,Hyde, SD,47737
46071,Jackson, SD,26065
46073,Jerauld, SD,38762
46075,Jones, SD,56772
46077,Kingsbury, SD,57411
46079,Lake, SD,51379
46081,Lawrence, SD,54028
46083,Lincoln, SD,72019
46085,Lyman, SD,40660
46087,McCook, SD,54193
46089,McPherson, SD,42136
46091,Marshall, SD,48363
46093,Meade, SD,44980
46095,Mellette, SD,28996
46097,Miner, SD,49665
46099,Minnehaha, SD,62084
46101,Moody, SD,50945
46102,Oglala Lakota, SD,25631
46103,Pennington, SD,53913
46105,Perkins, SD,39976
46107,Potter, SD,76433
46109,Roberts, SD,37023
46111,Sanborn, SD,51917
46115,Spink, SD,54447
46117,Stanley, SD,60316
46119,Sully, SD,77485
46121,Todd, SD,25643
46123,Tripp, SD,49545
46125,Turner, SD,63313
46127,Union, SD,119482
46129,Walworth, SD,46799
46135,Yankton, SD,51910
46137,Ziebach, SD,19084
47001,Anderson, TN,43407
47003,Bedford, TN,39615
47005,Benton, TN,34016
47007,Bledsoe, TN,27368
47009,Blount, TN,45831
47011,Bradley, TN,40232
47013,Campbell, TN,34786
47015,Cannon, TN,37077
47017,Carroll, TN,37737
47019,Carter, TN,34405
47021,Cheatham, TN,46759
47023,Chester, TN,34545
47025,Claiborne, TN,36101
47027,Clay, TN,31783
47029,Cocke, TN,33399
47031,Coffee, TN,40850
47033,Crockett, TN,41632
47035,Cumberland, TN,38091
47037,Davidson, TN,72602
47039,Decatur, TN,42266
47041,DeKalb, TN,40279
47043,Dickson, TN,42900
47045,Dyer, TN,41977
47047,Fayette, TN,57066
47049,Fentress, TN,34497
47051,Franklin, TN,40520
47053,Gibson, TN,39528
47055,Giles, TN,38704
47057,Grainger, TN,34803
47059,Greene, TN,37027
47061,Grundy, TN,33228
47063,Hamblen, TN,38247
47065,Hamilton, TN,53075
47067,Hancock, TN,28122
47069,Hardeman, TN,30752
47071,Hardin, TN,40449
47073,Hawkins, TN,35014
47075,Haywood, TN,35375
47077,Henderson, TN,37241
47079,Henry, TN,42222
47081,Hickman, TN,34738
47083,Houston, TN,33950
47085,Humphreys, TN,39622
47087,Jackson, TN,32114
47089,Jefferson, TN,37933
47091,Johnson, TN,33474
47093,Knox, TN,52422
47095,Lake, TN,24660
47097,Lauderdale, TN,32428
47099,Lawrence, TN,35698
47101,Lewis, TN,36353
47103,Lincoln, TN,42372
47105,Loudon, TN,51615
47107,McMinn, TN,37429
47109,McNairy, TN,33512
47111,Macon, TN,33428
47113,Madison, TN,43702
47115,Marion, TN,39769
47117,Marshall, TN,39833
47119,Maury, TN,44739
47121,Meigs, TN,34845
47123,Monroe, TN,35367
47125,Montgomery, TN,43499
47127,Moore, TN,42431
47129,Morgan, TN,31405
47131,Obion, TN,42277
47133,Overton, TN,34877
47135,Perry, TN,35430
47137,Pickett, TN,39620
47139,Polk, TN,34807
47141,Putnam, TN,40731
47143,Rhea, TN,35370
47145,Roane, TN,42389
47147,Robertson, TN,44732
47149,Rutherford, TN,43095
47151,Scott, TN,30963
47153,Sequatchie, TN,39241
47155,Sevier, TN,42321
47157,Shelby, TN,50468
47159,Smith, TN,40995
47161,Stewart, TN,41972
47163,Sullivan, TN,43657
47165,Sumner, TN,50947
47167,Tipton, TN,40778
47169,Trousdale, TN,31367
47171,Unicoi, TN,37152
47173,Union, TN,33203
47175,Van Buren, TN,32380
47177,Warren, TN,35394
47179,Washington, TN,45216
47181,Wayne, TN,29251
47183,Weakley, TN,38611
47185,White, TN,34442
47187,Williamson, TN,95520
47189,Wilson, TN,51689
48001,Anderson, TX,36332
48003,Andrews, TX,52626
48005,Angelina, TX,40074
48007,Aransas, TX,53776
48009,Archer, TX,52661
48011,Armstrong, TX,54733
48013,Atascosa, TX,39511
48015,Austin, TX,54075
48017,Bailey, TX,44519
48019,Bandera, TX,47434
48021,Bastrop, TX,39953
48023,Baylor, TX,47327
48025,Bee, TX,30533
48027,Bell, TX,44088
48029,Bexar, TX,46569
48031,Blanco, TX,56996
48033,Borden, TX,72732
48035,Bosque, TX,42939
48037,Bowie, TX,41325
48039,Brazoria, TX,50207
48041,Brazos, TX,41414
48043,Brewster, TX,49708
48045,Briscoe, TX,45326
48047,Brooks, TX,36599
48049,Brown, TX,40449
48051,Burleson, TX,47155
48053,Burnet, TX,51949
48055,Caldwell, TX,36243
48057,Calhoun, TX,53562
48059,Callahan, TX,43250
48061,Cameron, TX,30187
48063,Camp, TX,37569
48065,Carson, TX,49781
48067,Cass, TX,38115
48069,Castro, TX,66391
48071,Chambers, TX,57321
48073,Cherokee, TX,35533
48075,Childress, TX,31161
48077,Clay, TX,45128
48079,Cochran, TX,39837
48081,Coke, TX,42732
48083,Coleman, TX,43843
48085,Collin, TX,69451
48087,Collingsworth, TX,42198
48089,Colorado, TX,48393
48091,Comal, TX,61124
48093,Comanche, TX,43454
48095,Concho, TX,36149
48097,Cooke, TX,52968
48099,Coryell, TX,35551
48101,Cottle, TX,60462
48103,Crane, TX,53114
48105,Crockett, TX,45530
48107,Crosby, TX,39390
48109,Culberson, TX,60264
48111,Dallam, TX,62851
48113,Dallas, TX,63591
48115,Dawson, TX,40148
48117,Deaf Smith, TX,51218
48119,Delta, TX,40320
48121,Denton, TX,60535
48123,DeWitt, TX,63242
48125,Dickens, TX,34922
48127,Dimmit, TX,41979
48129,Donley, TX,43788
48131,Duval, TX,38598
48133,Eastland, TX,66664
48135,Ector, TX,52079
48137,Edwards, TX,47478
48139,Ellis, TX,46874
48141,El Paso, TX,38771
48143,Erath, TX,41866
48145,Falls, TX,35960
48147,Fannin, TX,40251
48149,Fayette, TX,56358
48151,Fisher, TX,45922
48153,Floyd, TX,43301
48155,Foard, TX,45431
48157,Fort Bend, TX,61061
48159,Franklin, TX,41822
48161,Freestone, TX,38737
48163,Frio, TX,31185
48165,Gaines, TX,45941
48167,Galveston, TX,56611
48169,Garza, TX,31048
48171,Gillespie, TX,66866
48173,Glasscock, TX,94077
48175,Goliad, TX,47874
48177,Gonzales, TX,46057
48179,Gray, TX,44064
48181,Grayson, TX,44585
48183,Gregg, TX,47466
48185,Grimes, TX,37467
48187,Guadalupe, TX,47417
48189,Hale, TX,36389
48191,Hall, TX,34290
48193,Hamilton, TX,63867
48195,Hansford, TX,66689
48197,Hardeman, TX,42503
48199,Hardin, TX,47363
48201,Harris, TX,59207
48203,Harrison, TX,44022
48205,Hartley, TX,73797
48207,Haskell, TX,44998
48209,Hays, TX,47854
48211,Hemphill, TX,61126
48213,Henderson, TX,41161
48215,Hidalgo, TX,28091
48217,Hill, TX,42317
48219,Hockley, TX,43215
48221,Hood, TX,52977
48223,Hopkins, TX,42690
48225,Houston, TX,41048
48227,Howard, TX,44014
48229,Hudspeth, TX,23296
48231,Hunt, TX,40177
48233,Hutchinson, TX,44195
48235,Irion, TX,71669
48237,Jack, TX,40066
48239,Jackson, TX,48020
48241,Jasper, TX,41290
48243,Jeff Davis, TX,43850
48245,Jefferson, TX,44230
48247,Jim Hogg, TX,33639
48249,Jim Wells, TX,42450
48251,Johnson, TX,44836
48253,Jones, TX,33482
48255,Karnes, TX,64024
48257,Kaufman, TX,44220
48259,Kendall, TX,83573
48261,Kenedy, TX,42966
48263,Kent, TX,48894
48265,Kerr, TX,54523
48267,Kimble, TX,44909
48269,King, TX,82307
48271,Kinney, TX,32336
48273,Kleberg, TX,41456
48275,Knox, TX,39629
48277,Lamar, TX,43579
48279,Lamb, TX,46446
48281,Lampasas, TX,51862
48283,La Salle, TX,40404
48285,Lavaca, TX,56589
48287,Lee, TX,54966
48289,Leon, TX,41033
48291,Liberty, TX,38540
48293,Limestone, TX,38406
48295,Lipscomb, TX,87161
48297,Live Oak, TX,37285
48299,Llano, TX,50966
48301,Loving, TX,55200
48303,Lubbock, TX,44802
48305,Lynn, TX,44792
48307,McCulloch, TX,39008
48309,McLennan, TX,42699
48311,McMullen, TX,74583
48313,Madison, TX,32099
48315,Marion, TX,41209
48317,Martin, TX,67054
48319,Mason, TX,48083
48321,Matagorda, TX,46469
48323,Maverick, TX,32061
48325,Medina, TX,42578
48327,Menard, TX,38678
48329,Midland, TX,138141
48331,Milam, TX,37505
48333,Mills, TX,40522
48335,Mitchell, TX,35671
48337,Montague, TX,42644
48339,Montgomery, TX,64853
48341,Moore, TX,47887
48343,Morris, TX,40229
48345,Motley, TX,32567
48347,Nacogdoches, TX,39299
48349,Navarro, TX,40543
48351,Newton, TX,34666
48353,Nolan, TX,45578
48355,Nueces, TX,46242
48357,Ochiltree, TX,60484
48359,Oldham, TX,52997
48361,Orange, TX,46227
48363,Palo Pinto, TX,42930
48365,Panola, TX,47042
48367,Parker, TX,57254
48369,Parmer, TX,51698
48371,Pecos, TX,39992
48373,Polk, TX,41167
48375,Potter, TX,47610
48377,Presidio, TX,47865
48379,Rains, TX,35751
48381,Randall, TX,50022
48383,Reagan, TX,53769
48385,Real, TX,36931
48387,Red River, TX,44051
48389,Reeves, TX,46793
48391,Refugio, TX,47638
48393,Roberts, TX,50747
48395,Robertson, TX,43768
48397,Rockwall, TX,62986
48399,Runnels, TX,42472
48401,Rusk, TX,38359
48403,Sabine, TX,37061
48405,San Augustine, TX,43305
48407,San Jacinto, TX,37847
48409,San Patricio, TX,46849
48411,San Saba, TX,41757
48413,Schleicher, TX,42520
48415,Scurry, TX,45708
48417,Shackelford, TX,90579
48419,Shelby, TX,41739
48421,Sherman, TX,93968
48423,Smith, TX,55986
48425,Somervell, TX,47630
48427,Starr, TX,27922
48429,Stephens, TX,44653
48431,Sterling, TX,62966
48433,Stonewall, TX,57909
48435,Sutton, TX,62893
48437,Swisher, TX,54587
48439,Tarrant, TX,53375
48441,Taylor, TX,48691
48443,Terrell, TX,50578
48445,Terry, TX,38016
48447,Throckmorton, TX,42233
48449,Titus, TX,37964
48451,Tom Green, TX,51613
48453,Travis, TX,71633
48455,Trinity, TX,37399
48457,Tyler, TX,33629
48459,Upshur, TX,38084
48461,Upton, TX,47785
48463,Uvalde, TX,42217
48465,Val Verde, TX,38543
48467,Van Zandt, TX,40099
48469,Victoria, TX,52632
48471,Walker, TX,31115
48473,Waller, TX,42974
48475,Ward, TX,54632
48477,Washington, TX,57635
48479,Webb, TX,33305
48481,Wharton, TX,46427
48483,Wheeler, TX,44936
48485,Wichita, TX,44206
48487,Wilbarger, TX,50096
48489,Willacy, TX,28083
48491,Williamson, TX,53713
48493,Wilson, TX,48249
48495,Winkler, TX,65720
48497,Wise, TX,45745
48499,Wood, TX,40596
48501,Yoakum, TX,44486
48503,Young, TX,51824
48505,Zapata, TX,29004
48507,Zavala, TX,30947
49001,Beaver, UT,39246
49003,Box Elder, UT,40330
49005,Cache, UT,42075
49007,Carbon, UT,40207
49009,Daggett, UT,47457
49011,Davis, UT,48778
49013,Duchesne, UT,38574
49015,Emery, UT,34753
49017,Garfield, UT,39502
49019,Grand, UT,58620
49021,Iron, UT,34048
49023,Juab, UT,38699
49025,Kane, UT,41604
49027,Millard, UT,37507
49029,Morgan, UT,56156
49031,Piute, UT,45577
49033,Rich, UT,39387
49035,Salt Lake, UT,55481
49037,San Juan, UT,28142
49039,Sanpete, UT,29974
49041,Sevier, UT,36419
49043,Summit, UT,152310
49045,Tooele, UT,37978
49047,Uintah, UT,31965
49049,Utah, UT,43611
49051,Wasatch, UT,59263
49053,Washington, UT,41869
49055,Wayne, UT,41350
49057,Weber, UT,43477
50001,Addison, VT,52605
50003,Bennington, VT,55291
50005,Caledonia, VT,43778
50007,Chittenden, VT,61569
50009,Essex, VT,40355
50011,Franklin, VT,48688
50013,Grand Isle, VT,60524
50015,Lamoille, VT,55022
50017,Orange, VT,49449
50019,Orleans, VT,45535
50021,Rutland, VT,53373
50023,Washington, VT,60228
50025,Windham, VT,52380
50027,Windsor, VT,59713
51001,Accomack, VA,49695
51007,Amelia, VA,43865
51009,Amherst, VA,37560
51011,Appomattox, VA,39084
51013,Arlington, VA,98116
51017,Bath, VA,65682
51019,Bedford, VA,46857
51021,Bland, VA,36933
51023,Botetourt, VA,51018
51025,Brunswick, VA,33056
51027,Buchanan, VA,36758
51029,Buckingham, VA,30438
51033,Caroline, VA,43694
51036,Charles City, VA,47753
51037,Charlotte, VA,35669
51041,Chesterfield, VA,55063
51043,Clarke, VA,66713
51045,Craig, VA,38810
51047,Culpeper, VA,47386
51049,Cumberland, VA,38161
51051,Dickenson, VA,33524
51057,Essex, VA,42746
51061,Fauquier, VA,71927
51063,Floyd, VA,39255
51065,Fluvanna, VA,45666
51067,Franklin, VA,41866
51071,Giles, VA,40450
51073,Gloucester, VA,50250
51075,Goochland, VA,104052
51077,Grayson, VA,32061
51079,Greene, VA,46025
51083,Halifax, VA,37140
51085,Hanover, VA,62141
51087,Henrico, VA,67592
51091,Highland, VA,44185
51093,Isle of Wight, VA,55930
51097,King and Queen, VA,44565
51099,King George, VA,55158
51101,King William, VA,48001
51103,Lancaster, VA,60635
51105,Lee, VA,29704
51107,Loudoun, VA,80535
51109,Louisa, VA,43618
51111,Lunenburg, VA,32890
51113,Madison, VA,48601
51115,Mathews, VA,56574
51117,Mecklenburg, VA,37241
51119,Middlesex, VA,52833
51125,Nelson, VA,52216
51127,New Kent, VA,74471
51131,Northampton, VA,55940
51133,Northumberland, VA,54276
51135,Nottoway, VA,35445
51137,Orange, VA,50587
51139,Page, VA,39043
51141,Patrick, VA,33528
51145,Powhatan, VA,58652
51147,Prince Edward, VA,31621
51155,Pulaski, VA,40025
51157,Rappahannock, VA,68110
51159,Richmond, VA,37057
51167,Russell, VA,33513
51169,Scott, VA,33450
51171,Shenandoah, VA,46333
51173,Smyth, VA,36800
51179,Stafford, VA,55494
51181,Surry, VA,44042
51183,Sussex, VA,32099
51185,Tazewell, VA,37462
51187,Warren, VA,47315
51193,Westmoreland, VA,45092
51197,Wythe, VA,35644
51510,Alexandria (Independent City), VA,89884
51550,Chesapeake (Independent City), VA,50008
51650,Hampton (Independent City), VA,42305
51700,Newport News (Independent City), VA,41547
51710,Norfolk (Independent City), VA,39453
51740,Portsmouth (Independent City), VA,40782
51760,Richmond (Independent City), VA,55191
51770,Roanoke (Independent City), VA,42486
51800,Suffolk (Independent City), VA,52030
51810,Virginia Beach (Independent City), VA,57513
51901,Albemarle + Charlottesville, VA,75885
51903,Alleghany + Covington, VA,40015
51907,Augusta, VA,44917
51911,Campbell + Lynchburg, VA,37702
51913,Carroll + Galax, VA,35549
51918,Dinwiddie, VA,40661
51919,Fairfax, VA,86031
51921,Frederick + Winchester, VA,51907
51923,Greensville + Emporia, VA,32485
51929,Henry + Martinsville, VA,39183
51931,James City + Williamsburg, VA,65176
51933,Montgomery + Radford, VA,37377
51939,Pittsylvania + Danville, VA,38117
51941,Prince George + Hopewell, VA,38845
51942,Prince William, VA,56181
51944,Roanoke + Salem, VA,52094
51945,Rockbridge, VA,41029
51947,Rockingham + Harrisonburg, VA,40413
51949,Southampton + Franklin, VA,43430
51951,Spotsylvania + Fredericksburg, VA,51896
51953,Washington + Bristol, VA,40164
51955,Wise + Norton, VA,33052
51958,York + Poquoson, VA,59892
53001,Adams, WA,41969
53003,Asotin, WA,46165
53005,Benton, WA,48285
53007,Chelan, WA,55520
53009,Clallam, WA,46524
53011,Clark, WA,54930
53013,Columbia, WA,55286
53015,Cowlitz, WA,45124
53017,Douglas, WA,40798
53019,Ferry, WA,35826
53021,Franklin, WA,39104
53023,Garfield, WA,50454
53025,Grant, WA,40216
53027,Grays Harbor, WA,40319
53029,Island, WA,55908
53031,Jefferson, WA,53765
53033,King, WA,92026
53035,Kitsap, WA,57197
53037,Kittitas, WA,42445
53039,Klickitat, WA,47985
53041,Lewis, WA,44091
53043,Lincoln, WA,44794
53045,Mason, WA,42663
53047,Okanogan, WA,41383
53049,Pacific, WA,40880
53051,Pend Oreille, WA,43497
53053,Pierce, WA,52496
53055,San Juan, WA,79117
53057,Skagit, WA,53221
53059,Skamania, WA,46587
53061,Snohomish, WA,57900
53063,Spokane, WA,46902
53065,Stevens, WA,39894
53067,Thurston, WA,52010
53069,Wahkiakum, WA,44014
53071,Walla Walla, WA,46648
53073,Whatcom, WA,49868
53075,Whitman, WA,40682
53077,Yakima, WA,43910
54001,Barbour, WV,33642
54003,Berkeley, WV,42738
54005,Boone, WV,36504
54007,Braxton, WV,32756
54009,Brooke, WV,45144
54011,Cabell, WV,43890
54013,Calhoun, WV,31409
54015,Clay, WV,32849
54017,Doddridge, WV,30716
54019,Fayette, WV,36763
54021,Gilmer, WV,29646
54023,Grant, WV,37173
54025,Greenbrier, WV,38431
54027,Hampshire, WV,37548
54029,Hancock, WV,43962
54031,Hardy, WV,35261
54033,Harrison, WV,50174
54035,Jackson, WV,39001
54037,Jefferson, WV,52345
54039,Kanawha, WV,49760
54041,Lewis, WV,42121
54043,Lincoln, WV,32449
54045,Logan, WV,38173
54047,McDowell, WV,31832
54049,Marion, WV,43660
54051,Marshall, WV,42781
54053,Mason, WV,34772
54055,Mercer, WV,38645
54057,Mineral, WV,42421
54059,Mingo, WV,33405
54061,Monongalia, WV,46873
54063,Monroe, WV,32450
54065,Morgan, WV,36769
54067,Nicholas, WV,34768
54069,Ohio, WV,59708
54071,Pendleton, WV,37419
54073,Pleasants, WV,44380
54075,Pocahontas, WV,40325
54077,Preston, WV,38023
54079,Putnam, WV,48125
54081,Raleigh, WV,43486
54083,Randolph, WV,38276
54085,Ritchie, WV,39683
54087,Roane, WV,36739
54089,Summers, WV,35079
54091,Taylor, WV,42204
54093,Tucker, WV,43058
54095,Tyler, WV,39583
54097,Upshur, WV,35506
54099,Wayne, WV,35180
54101,Webster, WV,29556
54103,Wetzel, WV,36631
54105,Wirt, WV,32847
54107,Wood, WV,46650
54109,Wyoming, WV,30959
55001,Adams, WI,41511
55003,Ashland, WI,41742
55005,Barron, WI,49873
55007,Bayfield, WI,50299
55009,Brown, WI,53516
55011,Buffalo, WI,46256
55013,Burnett, WI,45431
55015,Calumet, WI,53076
55017,Chippewa, WI,47360
55019,Clark, WI,42504
55021,Columbia, WI,53511
55023,Crawford, WI,42894
55025,Dane, WI,63683
55027,Dodge, WI,45654
55029,Door, WI,63882
55031,Douglas, WI,44251
55033,Dunn, WI,41212
55035,Eau Claire, WI,49728
55037,Florence, WI,58498
55039,Fond du Lac, WI,49922
55041,Forest, WI,42304
55043,Grant, WI,45387
55045,Green, WI,53359
55047,Green Lake, WI,45595
55049,Iowa, WI,49905
55051,Iron, WI,49719
55053,Jackson, WI,45571
55055,Jefferson, WI,47176
55057,Juneau, WI,39769
55059,Kenosha, WI,48550
55061,Kewaunee, WI,48461
55063,La Crosse, WI,52166
55065,Lafayette, WI,43632
55067,Langlade, WI,44288
55069,Lincoln, WI,47030
55071,Manitowoc, WI,47911
55073,Marathon, WI,52203
55075,Marinette, WI,46320
55077,Marquette, WI,42561
55078,Menominee, WI,33696
55079,Milwaukee, WI,48107
55081,Monroe, WI,42274
55083,Oconto, WI,47227
55085,Oneida, WI,51928
55087,Outagamie, WI,52654
55089,Ozaukee, WI,85526
55091,Pepin, WI,49529
55093,Pierce, WI,46871
55095,Polk, WI,47751
55097,Portage, WI,46771
55099,Price, WI,46903
55101,Racine, WI,50729
55103,Richland, WI,44179
55105,Rock, WI,46018
55107,Rusk, WI,44799
55109,St. Croix, WI,57688
55111,Sauk, WI,53842
55113,Sawyer, WI,47730
55115,Shawano, WI,43635
55117,Sheboygan, WI,53217
55119,Taylor, WI,41631
55121,Trempealeau, WI,44875
55123,Vernon, WI,41863
55125,Vilas, WI,52739
55127,Walworth, WI,51156
55129,Washburn, WI,48761
55131,Washington, WI,59878
55133,Waukesha, WI,73883
55135,Waupaca, WI,46735
55137,Waushara, WI,42055
55139,Winnebago, WI,48943
55141,Wood, WI,47911
55901,Shawano (includes Menominee), WI,
56001,Albany, WY,41332
56003,Big Horn, WY,39580
56005,Campbell, WY,54143
56007,Carbon, WY,56227
56009,Converse, WY,65959
56011,Crook, WY,45957
56013,Fremont, WY,46191
56015,Goshen, WY,42398
56017,Hot Springs, WY,64515
56019,Johnson, WY,54662
56021,Laramie, WY,53532
56023,Lincoln, WY,45700
56025,Natrona, WY,70054
56027,Niobrara, WY,48846
56029,Park, WY,58021
56031,Platte, WY,51775
56033,Sheridan, WY,59200
56035,Sublette, WY,54544
56037,Sweetwater, WY,55947
56039,Teton, WY,222893
56041,Uinta, WY,41392
56043,Washakie, WY,51138
56045,Weston, WY,46658
